UserID,visited,viewed_product,added_to_cart,purchased,DeviceType,Country,ReferralSource
user_2223,1,1,1,1,Tablet,India,"Social Media"
user_2192,1,1,1,1,Tablet,India,Google
user_1708,1,1,1,1,Tablet,UK,"Social Media"
user_2976,1,0,0,0,Tablet,UK,Google
user_1065,1,1,1,0,Tablet,UK,"Social Media"
user_2216,1,1,1,1,Tablet,UK,"Social Media"
user_2429,1,1,1,0,Tablet,USA,"Social Media"
user_2450,1,1,1,0,Desktop,Australia,Google
user_1521,1,1,1,0,Tablet,France,Email
user_1843,1,1,1,0,Tablet,India,"Social Media"
user_2357,1,1,1,0,Tablet,India,Google
user_2760,1,1,1,0,Tablet,USA,Direct
user_2907,1,1,1,0,Mobile,France,"Social Media"
user_1058,1,1,1,1,Tablet,USA,Google
user_1884,1,1,1,1,Tablet,USA,Google
user_2270,1,1,1,1,Tablet,USA,"Social Media"
user_1016,1,1,0,0,Tablet,USA,"Social Media"
user_1629,1,1,1,0,Mobile,USA,"Social Media"
user_1797,1,1,1,1,Mobile,USA,Email
user_2000,1,1,1,0,Tablet,USA,Google
user_2182,1,1,1,1,Tablet,USA,"Social Media"
user_2035,1,1,1,0,Tablet,Germany,"Social Media"
user_2046,1,1,1,0,Tablet,USA,"Social Media"
user_2546,1,1,1,1,Tablet,UK,"Social Media"
user_2666,1,1,1,0,Tablet,USA,"Social Media"
user_1143,1,1,1,0,Tablet,USA,"Social Media"
user_2067,1,1,1,0,Mobile,USA,"Social Media"
user_1310,1,1,1,0,Tablet,USA,"Social Media"
user_1758,1,0,0,0,Mobile,Germany,Google
user_2181,1,1,0,0,Tablet,India,"Social Media"
user_1114,1,1,1,0,Tablet,Germany,"Social Media"
user_2282,1,1,1,0,Tablet,India,"Social Media"
user_1995,1,1,1,0,Tablet,USA,"Social Media"
user_1580,1,1,1,1,Tablet,UK,"Social Media"
user_1912,1,1,1,1,Tablet,USA,Google
user_2872,1,1,1,1,Mobile,USA,"Social Media"
user_1983,1,1,1,0,Tablet,India,"Social Media"
user_1099,1,1,1,0,Mobile,UK,Google
user_1563,1,1,1,1,Tablet,UK,"Social Media"
user_1524,1,1,1,1,Tablet,UK,Google
user_1626,1,1,1,0,Tablet,UK,Google
user_2521,1,1,1,1,Tablet,India,"Social Media"
user_1086,1,1,1,1,Tablet,USA,"Social Media"
user_1200,1,1,1,1,Tablet,USA,"Social Media"
user_1390,1,1,1,0,Mobile,USA,"Social Media"
user_1121,1,0,0,0,Mobile,USA,Google
user_2865,1,0,0,0,Mobile,Germany,"Social Media"
user_2673,1,1,1,1,Tablet,UK,Google
user_1035,1,1,1,0,Tablet,UK,"Social Media"
user_1439,1,1,1,1,Tablet,USA,Google
user_1609,1,1,1,1,Tablet,USA,"Social Media"
user_2808,1,1,1,1,Desktop,France,"Social Media"
user_1532,1,1,1,0,Tablet,Canada,"Social Media"
user_2816,1,1,0,0,Tablet,India,Google
user_1856,1,1,1,0,Tablet,USA,"Social Media"
user_2771,1,1,1,0,Tablet,UK,"Social Media"
user_1425,1,1,1,0,Tablet,USA,"Social Media"
user_1979,1,1,1,1,Mobile,USA,"Social Media"
user_2596,1,1,1,0,Tablet,USA,"Social Media"
user_2950,1,1,1,0,Mobile,India,Google
user_2486,1,1,1,1,Tablet,USA,Google
user_1519,1,1,1,1,Tablet,USA,"Social Media"
user_2012,1,1,1,1,Tablet,USA,"Social Media"
user_1412,1,1,0,0,Tablet,France,Google
user_2277,1,1,1,1,Tablet,USA,Google
user_2279,1,1,1,0,Mobile,UK,"Social Media"
user_2199,1,1,1,1,Mobile,UK,"Social Media"
user_2502,1,1,1,1,Tablet,Germany,"Social Media"
user_2266,1,1,0,0,Mobile,UK,"Social Media"
user_2567,1,1,1,1,Tablet,Australia,Email
user_2262,1,1,1,1,Tablet,UK,"Social Media"
user_1285,1,1,1,1,Tablet,UK,"Social Media"
user_2436,1,1,1,0,Mobile,USA,"Social Media"
user_2826,1,1,1,1,Tablet,USA,"Social Media"
user_1091,1,1,1,0,Tablet,USA,"Social Media"
user_2594,1,1,1,1,Mobile,USA,Email
user_1718,1,1,1,0,Tablet,Germany,"Social Media"
user_1621,1,1,1,1,Tablet,USA,"Social Media"
user_2810,1,1,1,0,Mobile,UK,"Social Media"
user_2022,1,1,1,1,Tablet,USA,"Social Media"
user_2467,1,1,1,1,Mobile,UK,"Social Media"
user_1453,1,1,1,1,Tablet,USA,"Social Media"
user_1577,1,1,1,0,Tablet,Germany,"Social Media"
user_1264,1,1,1,1,Mobile,France,Google
user_1202,1,1,1,0,Tablet,USA,"Social Media"
user_1961,1,1,1,1,Mobile,UK,"Social Media"
user_1343,1,1,1,0,Tablet,India,Email
user_2109,1,1,1,0,Desktop,France,"Social Media"
user_1300,1,1,1,1,Mobile,France,Direct
user_2621,1,1,1,1,Tablet,USA,"Social Media"
user_2705,1,1,1,1,Tablet,UK,"Social Media"
user_2740,1,1,1,0,Mobile,UK,Email
user_2540,1,1,1,1,Tablet,USA,"Social Media"
user_1022,1,1,1,0,Tablet,USA,Google
user_2381,1,1,1,1,Mobile,USA,Direct
user_2993,1,1,1,1,Tablet,France,Google
user_2713,1,1,1,1,Tablet,USA,"Social Media"
user_1729,1,1,1,0,Tablet,India,"Social Media"
user_2300,1,1,1,1,Tablet,USA,"Social Media"
user_1233,1,1,1,0,Desktop,USA,Email
user_1984,1,1,1,1,Mobile,France,"Social Media"
user_1480,1,1,1,0,Tablet,India,Email
user_2791,1,1,1,0,Tablet,USA,"Social Media"
user_2754,1,1,1,0,Tablet,UK,"Social Media"
user_2525,1,1,1,0,Mobile,India,"Social Media"
user_2173,1,1,1,1,Tablet,USA,"Social Media"
user_2167,1,1,1,0,Mobile,Canada,Email
user_1774,1,1,1,1,Tablet,USA,"Social Media"
user_2430,1,1,1,1,Tablet,India,Google
user_2488,1,1,1,0,Tablet,USA,"Social Media"
user_1030,1,1,1,0,Tablet,UK,"Social Media"
user_2803,1,1,0,0,Tablet,USA,Google
user_2619,1,1,1,1,Tablet,UK,"Social Media"
user_1385,1,1,1,0,Tablet,UK,"Social Media"
user_1679,1,1,0,0,Tablet,UK,"Social Media"
user_2114,1,1,0,0,Tablet,USA,"Social Media"
user_2996,1,1,1,1,Tablet,UK,"Social Media"
user_1976,1,1,1,1,Mobile,UK,"Social Media"
user_2762,1,1,1,0,Tablet,Germany,Email
user_2875,1,1,1,0,Mobile,UK,Google
user_2142,1,1,1,0,Mobile,UK,"Social Media"
user_1156,1,1,1,1,Desktop,Germany,"Social Media"
user_1471,1,1,1,0,Tablet,USA,Google
user_2168,1,1,1,1,Tablet,USA,"Social Media"
user_2126,1,1,1,1,Mobile,UK,Email
user_2755,1,1,0,0,Desktop,UK,Google
user_1595,1,1,1,1,Tablet,UK,"Social Media"
user_2498,1,1,1,0,Tablet,UK,"Social Media"
user_1515,1,1,1,0,Mobile,USA,"Social Media"
user_2286,1,1,0,0,Tablet,UK,Email
user_1372,1,1,1,1,Tablet,France,Google
user_1510,1,1,1,0,Mobile,India,Google
user_1263,1,1,1,1,Tablet,USA,"Social Media"
user_2866,1,1,1,1,Mobile,USA,"Social Media"
user_2010,1,1,1,0,Tablet,USA,"Social Media"
user_1643,1,1,1,0,Tablet,India,"Social Media"
user_1473,1,1,1,0,Tablet,UK,Google
user_1073,1,1,1,1,Tablet,USA,"Social Media"
user_1460,1,1,1,0,Tablet,USA,"Social Media"
user_2149,1,1,1,1,Mobile,USA,Google
user_2698,1,1,1,0,Tablet,USA,"Social Media"
user_1546,1,1,1,1,Mobile,India,"Social Media"
user_1093,1,1,1,1,Tablet,UK,"Social Media"
user_1181,1,1,1,0,Tablet,UK,Google
user_1873,1,1,1,0,Tablet,India,"Social Media"
user_1511,1,1,1,1,Mobile,USA,Email
user_2321,1,1,0,0,Tablet,Germany,Email
user_1963,1,1,0,0,Tablet,USA,"Social Media"
user_2609,1,1,1,0,Tablet,UK,Email
user_1498,1,1,1,1,Mobile,Germany,Google
user_1874,1,1,1,0,Tablet,USA,Google
user_1160,1,1,1,0,Tablet,USA,"Social Media"
user_2712,1,0,0,0,Desktop,Australia,Direct
user_1042,1,1,1,1,Tablet,UK,"Social Media"
user_1904,1,1,1,1,Tablet,UK,"Social Media"
user_1674,1,1,1,1,Tablet,USA,"Social Media"
user_2237,1,1,1,1,Mobile,UK,Google
user_2015,1,1,1,0,Tablet,Canada,Google
user_1133,1,1,1,0,Mobile,USA,"Social Media"
user_2737,1,1,1,0,Tablet,France,Direct
user_2987,1,1,1,1,Tablet,USA,"Social Media"
user_1841,1,1,1,1,Desktop,Germany,Direct
user_1759,1,1,1,1,Mobile,UK,Google
user_1692,1,1,1,1,Mobile,USA,"Social Media"
user_2076,1,1,0,0,Desktop,USA,Email
user_1172,1,1,1,0,Mobile,Australia,"Social Media"
user_1705,1,1,1,1,Tablet,USA,"Social Media"
user_2255,1,1,1,1,Tablet,USA,"Social Media"
user_1997,1,1,0,0,Mobile,Germany,"Social Media"
user_2361,1,0,0,0,Tablet,India,Google
user_1627,1,1,1,1,Tablet,USA,"Social Media"
user_2326,1,1,1,1,Tablet,UK,"Social Media"
user_2838,1,1,1,1,Tablet,UK,"Social Media"
user_1127,1,1,1,1,Tablet,India,"Social Media"
user_1087,1,1,1,0,Mobile,USA,"Social Media"
user_1954,1,1,1,1,Tablet,USA,Email
user_1012,1,1,0,0,Tablet,USA,"Social Media"
user_2956,1,1,1,1,Tablet,USA,"Social Media"
user_1525,1,1,1,1,Tablet,USA,"Social Media"
user_2269,1,1,1,1,Mobile,UK,"Social Media"
user_1842,1,0,0,0,Desktop,UK,Direct
user_1501,1,1,1,0,Mobile,USA,"Social Media"
user_2116,1,1,1,0,Tablet,France,Google
user_2748,1,1,1,0,Mobile,India,Email
user_1566,1,1,1,1,Mobile,India,"Social Media"
user_1535,1,1,1,0,Tablet,UK,"Social Media"
user_1571,1,1,1,1,Tablet,UK,"Social Media"
user_2119,1,1,1,0,Tablet,France,Google
user_1823,1,1,1,1,Tablet,UK,"Social Media"
user_1028,1,1,1,1,Mobile,USA,"Social Media"
user_1787,1,1,1,1,Tablet,Germany,"Social Media"
user_1062,1,1,1,1,Tablet,France,Google
user_2037,1,1,1,1,Tablet,France,"Social Media"
user_2902,1,1,1,0,Tablet,India,"Social Media"
user_2678,1,1,1,1,Tablet,USA,"Social Media"
user_2344,1,1,1,1,Tablet,USA,"Social Media"
user_2213,1,1,1,1,Mobile,Canada,Email
user_1409,1,1,1,1,Mobile,USA,Google
user_1179,1,1,0,0,Mobile,India,Google
user_2008,1,1,1,1,Tablet,UK,"Social Media"
user_2980,1,1,1,0,Mobile,India,"Social Media"
user_2257,1,1,1,1,Tablet,UK,Google
user_2787,1,1,1,1,Tablet,USA,"Social Media"
user_1611,1,1,1,1,Tablet,USA,"Social Media"
user_1814,1,1,1,1,Tablet,USA,"Social Media"
user_2774,1,1,1,1,Tablet,USA,"Social Media"
user_1827,1,1,0,0,Mobile,UK,"Social Media"
user_2130,1,1,1,0,Tablet,UK,Google
user_1105,1,1,1,1,Tablet,Germany,Email
user_2739,1,1,1,1,Tablet,USA,Google
user_1644,1,1,1,0,Tablet,India,"Social Media"
user_1845,1,1,1,1,Tablet,Germany,"Social Media"
user_1715,1,1,1,0,Tablet,USA,"Social Media"
user_2505,1,1,1,0,Mobile,USA,Email
user_1136,1,1,1,0,Tablet,UK,Google
user_2465,1,1,1,0,Mobile,UK,"Social Media"
user_1053,1,1,1,1,Tablet,USA,"Social Media"
user_2894,1,0,0,0,Mobile,USA,Email
user_2096,1,1,0,0,Tablet,Australia,Email
user_2422,1,1,1,0,Mobile,India,"Social Media"
user_2075,1,1,0,0,Tablet,UK,"Social Media"
user_1064,1,1,1,0,Tablet,USA,"Social Media"
user_2354,1,1,1,1,Tablet,UK,Google
user_1429,1,1,1,0,Tablet,India,"Social Media"
user_1652,1,0,0,0,Mobile,UK,"Social Media"
user_1400,1,1,1,1,Mobile,USA,"Social Media"
user_2055,1,1,1,0,Tablet,USA,"Social Media"
user_2239,1,1,1,1,Tablet,UK,Google
user_2150,1,1,1,0,Desktop,Germany,"Social Media"
user_2719,1,1,1,0,Desktop,USA,Google
user_1171,1,1,1,0,Tablet,Germany,"Social Media"
user_1430,1,1,0,0,Mobile,UK,"Social Media"
user_2183,1,1,1,1,Desktop,France,"Social Media"
user_2069,1,1,1,1,Mobile,India,Email
user_2814,1,1,1,0,Mobile,India,Email
user_2447,1,1,1,0,Tablet,USA,"Social Media"
user_1849,1,1,1,1,Tablet,India,"Social Media"
user_2794,1,1,1,0,Tablet,Germany,"Social Media"
user_1977,1,1,1,0,Mobile,UK,"Social Media"
user_2646,1,1,1,0,Tablet,USA,"Social Media"
user_1068,1,1,0,0,Tablet,UK,"Social Media"
user_1668,1,1,1,1,Mobile,USA,"Social Media"
user_1955,1,1,1,0,Tablet,India,"Social Media"
user_1882,1,1,0,0,Tablet,USA,"Social Media"
user_1321,1,1,0,0,Desktop,France,Google
user_1645,1,1,1,0,Tablet,USA,"Social Media"
user_1009,1,1,1,0,Tablet,USA,"Social Media"
user_1313,1,1,1,0,Tablet,Canada,Email
user_1435,1,1,1,0,Tablet,Germany,Google
user_1576,1,1,1,1,Tablet,Germany,"Social Media"
user_1043,1,1,1,0,Mobile,India,"Social Media"
user_2203,1,1,1,0,Tablet,USA,"Social Media"
user_1186,1,1,0,0,Mobile,USA,"Social Media"
user_1803,1,1,1,1,Tablet,USA,"Social Media"
user_2649,1,1,1,0,Desktop,India,Google
user_2030,1,1,1,0,Tablet,India,Email
user_1208,1,1,1,0,Tablet,Canada,Email
user_1749,1,1,1,0,Tablet,USA,Google
user_2152,1,1,1,1,Tablet,Germany,Google
user_2564,1,1,1,1,Mobile,USA,"Social Media"
user_2699,1,1,1,0,Mobile,UK,"Social Media"
user_2334,1,1,1,1,Tablet,UK,"Social Media"
user_2964,1,1,1,1,Tablet,Germany,Email
user_2577,1,1,1,0,Mobile,UK,"Social Media"
user_1743,1,1,1,1,Tablet,India,Google
user_1913,1,1,1,1,Tablet,UK,"Social Media"
user_2848,1,1,1,0,Tablet,USA,"Social Media"
user_1345,1,1,0,0,Tablet,India,"Social Media"
user_2948,1,1,1,1,Tablet,USA,"Social Media"
user_1573,1,1,0,0,Mobile,Canada,Google
user_1891,1,0,0,0,Desktop,USA,"Social Media"
user_2547,1,1,1,0,Tablet,France,Email
user_1450,1,1,1,0,Tablet,USA,"Social Media"
user_1666,1,1,1,1,Tablet,Germany,Google
user_2501,1,1,1,1,Tablet,UK,"Social Media"
user_1167,1,1,1,1,Mobile,UK,"Social Media"
user_2761,1,1,1,0,Tablet,France,"Social Media"
user_1747,1,1,1,0,Tablet,UK,Google
user_2225,1,1,1,0,Tablet,USA,Email
user_1877,1,1,1,1,Tablet,Germany,"Social Media"
user_2613,1,1,1,0,Tablet,USA,"Social Media"
user_2097,1,1,1,1,Mobile,UK,"Social Media"
user_1565,1,1,1,1,Tablet,Germany,"Social Media"
user_1736,1,1,1,1,Tablet,USA,"Social Media"
user_2966,1,1,0,0,Desktop,UK,"Social Media"
user_2565,1,1,1,1,Tablet,USA,Email
user_1899,1,1,1,1,Tablet,USA,Email
user_2527,1,1,1,0,Tablet,USA,"Social Media"
user_2967,1,1,1,1,Desktop,India,"Social Media"
user_1341,1,1,1,1,Tablet,USA,"Social Media"
user_2355,1,1,1,0,Tablet,USA,"Social Media"
user_2610,1,1,1,1,Mobile,UK,"Social Media"
user_1542,1,1,1,1,Mobile,USA,Google
user_2395,1,1,1,1,Tablet,Germany,"Social Media"
user_2335,1,1,0,0,Desktop,UK,Direct
user_1472,1,1,1,1,Tablet,India,"Social Media"
user_1431,1,0,0,0,Mobile,Australia,Direct
user_2862,1,1,1,1,Tablet,India,"Social Media"
user_1807,1,1,1,1,Tablet,USA,Google
user_2983,1,1,0,0,Tablet,Germany,"Social Media"
user_1403,1,1,1,0,Mobile,India,"Social Media"
user_2579,1,1,1,1,Tablet,UK,"Social Media"
user_2197,1,1,1,0,Mobile,USA,Google
user_1863,1,1,1,0,Tablet,India,"Social Media"
user_2054,1,1,1,0,Tablet,India,"Social Media"
user_2741,1,1,1,0,Tablet,USA,"Social Media"
user_2336,1,1,1,1,Mobile,Germany,Google
user_2368,1,1,1,1,Tablet,USA,"Social Media"
user_1870,1,1,1,1,Tablet,USA,Google
user_1631,1,1,1,0,Tablet,UK,Google
user_2576,1,1,1,1,Tablet,USA,Google
user_2053,1,1,1,1,Mobile,USA,"Social Media"
user_2703,1,1,1,1,Tablet,UK,Google
user_2586,1,1,1,0,Mobile,UK,Email
user_2107,1,1,0,0,Desktop,India,Email
user_2491,1,1,1,1,Tablet,Germany,Google
user_2874,1,1,1,1,Tablet,USA,"Social Media"
user_1678,1,1,1,1,Mobile,India,Google
user_2066,1,1,1,1,Tablet,India,Google
user_1663,1,1,1,1,Mobile,USA,"Social Media"
user_1771,1,1,1,1,Tablet,India,"Social Media"
user_1612,1,1,1,0,Tablet,UK,Google
user_2901,1,1,1,1,Mobile,India,"Social Media"
user_2113,1,1,1,1,Mobile,Canada,Google
user_1764,1,1,1,0,Tablet,USA,"Social Media"
user_2330,1,1,1,1,Tablet,India,"Social Media"
user_2745,1,0,0,0,Desktop,UK,Direct
user_2751,1,1,1,0,Tablet,UK,"Social Media"
user_2249,1,1,1,1,Desktop,USA,"Social Media"
user_2605,1,1,1,0,Tablet,UK,Google
user_1228,1,1,1,0,Mobile,UK,"Social Media"
user_1564,1,1,1,0,Tablet,USA,Email
user_2339,1,1,1,1,Tablet,India,Google
user_1374,1,1,1,0,Mobile,USA,"Social Media"
user_2962,1,1,1,0,Tablet,Germany,"Social Media"
user_2647,1,1,1,0,Mobile,USA,Google
user_2533,1,1,1,0,Tablet,USA,Google
user_2552,1,1,1,0,Tablet,USA,"Social Media"
user_1752,1,1,1,0,Mobile,USA,"Social Media"
user_1060,1,1,1,1,Tablet,UK,"Social Media"
user_2108,1,1,1,1,Tablet,USA,"Social Media"
user_1083,1,1,0,0,Tablet,USA,Google
user_1362,1,1,1,1,Tablet,USA,Google
user_2868,1,1,1,1,Mobile,UK,"Social Media"
user_1781,1,1,1,0,Mobile,UK,Google
user_1735,1,1,0,0,Tablet,USA,"Social Media"
user_1085,1,1,1,0,Tablet,UK,"Social Media"
user_2078,1,1,1,0,Tablet,UK,"Social Media"
user_2821,1,1,1,1,Tablet,USA,"Social Media"
user_2318,1,1,1,1,Tablet,Germany,"Social Media"
user_1541,1,1,1,0,Tablet,USA,"Social Media"
user_2845,1,1,1,1,Desktop,France,Email
user_1667,1,1,1,0,Tablet,USA,Google
user_2624,1,1,1,1,Tablet,USA,"Social Media"
user_2495,1,1,1,1,Tablet,USA,"Social Media"
user_2944,1,1,1,0,Mobile,Germany,Google
user_2831,1,1,1,0,Tablet,USA,"Social Media"
user_1835,1,1,1,1,Tablet,USA,"Social Media"
user_1551,1,1,1,1,Tablet,USA,Email
user_2970,1,1,1,0,Tablet,UK,Google
user_2011,1,1,1,0,Tablet,UK,Google
user_1373,1,1,1,1,Tablet,USA,Email
user_1722,1,1,1,1,Tablet,India,"Social Media"
user_1111,1,1,1,0,Tablet,UK,Google
user_2969,1,1,1,0,Tablet,USA,"Social Media"
user_2807,1,1,1,0,Tablet,USA,"Social Media"
user_1909,1,1,1,1,Tablet,UK,Email
user_2729,1,1,1,0,Tablet,USA,"Social Media"
user_2749,1,1,1,0,Tablet,Germany,"Social Media"
user_1852,1,1,1,0,Tablet,USA,"Social Media"
user_2369,1,1,1,1,Tablet,USA,"Social Media"
user_1829,1,1,1,1,Mobile,UK,"Social Media"
user_1293,1,1,1,1,Tablet,UK,Email
user_2271,1,1,1,1,Tablet,India,"Social Media"
user_1632,1,1,0,0,Mobile,Canada,Direct
user_1589,1,1,1,0,Tablet,USA,"Social Media"
user_1138,1,1,1,1,Mobile,UK,Email
user_2250,1,1,1,0,Tablet,Germany,"Social Media"
user_2358,1,0,0,0,Desktop,France,Email
user_2105,1,1,1,0,Tablet,Germany,Google
user_1659,1,1,1,0,Tablet,UK,Google
user_2217,1,1,1,0,Tablet,UK,"Social Media"
user_2416,1,1,1,0,Tablet,UK,Google
user_2074,1,1,1,1,Tablet,Germany,"Social Media"
user_1813,1,1,1,0,Mobile,UK,Email
user_2809,1,1,1,1,Tablet,India,Google
user_1939,1,1,1,0,Mobile,USA,Google
user_2129,1,1,0,0,Tablet,USA,Google
user_1594,1,1,1,0,Tablet,USA,"Social Media"
user_2857,1,1,1,1,Desktop,India,"Social Media"
user_1189,1,1,1,1,Tablet,USA,"Social Media"
user_1556,1,1,1,0,Tablet,France,Google
user_2726,1,1,1,1,Mobile,USA,"Social Media"
user_1741,1,1,1,0,Tablet,UK,Google
user_1762,1,1,1,0,Tablet,UK,"Social Media"
user_1448,1,1,1,0,Tablet,India,"Social Media"
user_1558,1,1,1,0,Tablet,UK,"Social Media"
user_2561,1,1,1,0,Tablet,USA,"Social Media"
user_2485,1,1,1,0,Mobile,UK,"Social Media"
user_2314,1,1,1,1,Desktop,USA,"Social Media"
user_2512,1,1,1,1,Tablet,USA,Email
user_2697,1,1,1,1,Tablet,USA,"Social Media"
user_2278,1,1,1,1,Tablet,USA,Google
user_2982,1,1,1,1,Tablet,UK,Google
user_1451,1,1,1,1,Mobile,UK,Google
user_2295,1,1,1,1,Tablet,USA,"Social Media"
user_2004,1,1,1,1,Tablet,USA,"Social Media"
user_1298,1,1,0,0,Mobile,Canada,Email
user_2743,1,0,0,0,Mobile,Germany,"Social Media"
user_2299,1,1,1,0,Tablet,India,Google
user_2410,1,1,1,1,Tablet,USA,"Social Media"
user_2133,1,0,0,0,Desktop,Australia,"Social Media"
user_2020,1,1,1,1,Tablet,UK,Google
user_1927,1,1,1,0,Mobile,UK,"Social Media"
user_1123,1,1,1,1,Tablet,USA,"Social Media"
user_1227,1,1,1,1,Tablet,India,"Social Media"
user_1141,1,1,1,1,Tablet,USA,"Social Media"
user_2302,1,1,1,1,Tablet,France,Email
user_1396,1,1,0,0,Tablet,France,"Social Media"
user_1433,1,1,1,0,Tablet,UK,Email
user_2343,1,1,1,1,Mobile,USA,Google
user_2880,1,1,1,1,Mobile,USA,Google
user_1355,1,1,1,1,Tablet,USA,"Social Media"
user_1818,1,1,1,0,Mobile,UK,Google
user_2291,1,1,1,0,Tablet,India,"Social Media"
user_1737,1,1,1,0,Desktop,UK,Direct
user_1622,1,1,1,1,Tablet,France,Google
user_1819,1,1,1,0,Desktop,UK,"Social Media"
user_1052,1,1,1,0,Tablet,USA,Google
user_1922,1,1,1,1,Tablet,UK,"Social Media"
user_1933,1,1,1,1,Tablet,UK,Direct
user_2817,1,1,0,0,Desktop,UK,"Social Media"
user_1139,1,1,1,0,Tablet,India,"Social Media"
user_2165,1,1,1,1,Mobile,UK,"Social Media"
user_2040,1,1,1,1,Tablet,USA,"Social Media"
user_2812,1,1,1,1,Tablet,India,"Social Media"
user_1914,1,1,0,0,Mobile,USA,Google
user_2188,1,1,1,0,Tablet,UK,Google
user_1555,1,1,1,0,Tablet,UK,Google
user_2939,1,1,1,1,Tablet,Germany,"Social Media"
user_1646,1,1,1,1,Tablet,France,Email
user_2825,1,1,0,0,Tablet,UK,Google
user_2327,1,1,1,0,Desktop,Australia,Google
user_2471,1,1,1,0,Tablet,USA,"Social Media"
user_1222,1,1,1,1,Tablet,Germany,"Social Media"
user_2426,1,1,1,1,Tablet,UK,Email
user_1363,1,1,1,1,Mobile,Germany,"Social Media"
user_1424,1,0,0,0,Tablet,India,Email
user_2442,1,1,1,0,Mobile,Germany,"Social Media"
user_1721,1,1,1,1,Mobile,UK,"Social Media"
user_2522,1,1,0,0,Tablet,Germany,"Social Media"
user_1422,1,1,1,1,Mobile,India,Google
user_2231,1,1,1,0,Tablet,USA,"Social Media"
user_1436,1,1,1,0,Mobile,France,"Social Media"
user_2202,1,1,1,1,Tablet,USA,Email
user_2394,1,1,1,1,Tablet,India,"Social Media"
user_1161,1,1,1,1,Mobile,USA,"Social Media"
user_1469,1,0,0,0,Tablet,India,Direct
user_1815,1,1,0,0,Desktop,Germany,Email
user_2538,1,0,0,0,Tablet,Canada,Email
user_1135,1,1,1,1,Tablet,USA,"Social Media"
user_2958,1,1,0,0,Mobile,Canada,Email
user_2235,1,1,1,0,Tablet,USA,"Social Media"
user_1864,1,1,1,0,Tablet,UK,"Social Media"
user_2100,1,1,0,0,Tablet,Germany,"Social Media"
user_2415,1,1,1,1,Mobile,France,"Social Media"
user_1796,1,1,1,1,Tablet,USA,"Social Media"
user_2026,1,1,1,0,Tablet,UK,Google
user_2736,1,1,1,0,Mobile,Canada,Google
user_2801,1,1,1,0,Mobile,USA,Google
user_2198,1,1,1,1,Tablet,USA,"Social Media"
user_1651,1,1,0,0,Mobile,UK,Google
user_1113,1,0,0,0,Desktop,UK,"Social Media"
user_2246,1,1,1,1,Desktop,USA,Google
user_2340,1,1,1,0,Tablet,Germany,"Social Media"
user_1661,1,1,1,0,Desktop,Germany,Google
user_1561,1,1,0,0,Tablet,UK,"Social Media"
user_1672,1,1,1,1,Tablet,India,"Social Media"
user_1353,1,1,1,0,Tablet,UK,Google
user_1859,1,1,1,0,Mobile,Germany,Email
user_2786,1,1,1,0,Tablet,India,Direct
user_2581,1,1,1,1,Mobile,Canada,"Social Media"
user_1733,1,1,1,1,Tablet,UK,"Social Media"
user_1960,1,1,1,0,Tablet,India,"Social Media"
user_1364,1,1,1,0,Tablet,USA,"Social Media"
user_2374,1,1,1,1,Tablet,USA,"Social Media"
user_2324,1,1,1,1,Tablet,India,"Social Media"
user_2220,1,1,1,1,Desktop,USA,"Social Media"
user_2298,1,1,1,0,Tablet,UK,"Social Media"
user_1682,1,1,1,1,Mobile,India,"Social Media"
user_2693,1,0,0,0,Desktop,UK,Email
user_1700,1,1,1,0,Mobile,USA,Email
user_2952,1,1,1,0,Mobile,France,"Social Media"
user_1600,1,1,1,1,Tablet,USA,Email
user_1338,1,1,1,0,Tablet,USA,"Social Media"
user_1366,1,1,1,1,Tablet,UK,"Social Media"
user_1454,1,1,1,1,Tablet,USA,Google
user_2041,1,1,1,1,Tablet,UK,"Social Media"
user_1993,1,1,1,1,Mobile,France,"Social Media"
user_1929,1,1,1,1,Tablet,France,Google
user_2819,1,1,1,0,Tablet,Germany,"Social Media"
user_2735,1,1,1,0,Tablet,UK,Direct
user_2418,1,1,1,0,Mobile,USA,"Social Media"
user_1719,1,1,1,0,Tablet,India,"Social Media"
user_2163,1,0,0,0,Desktop,USA,Direct
user_1560,1,1,1,0,Tablet,UK,"Social Media"
user_1557,1,0,0,0,Tablet,India,"Social Media"
user_1401,1,1,1,1,Tablet,Germany,"Social Media"
user_2653,1,1,1,1,Tablet,UK,Email
user_2136,1,1,0,0,Tablet,India,Google
user_1234,1,1,1,1,Tablet,France,Email
user_1019,1,1,1,1,Tablet,Germany,Google
user_2085,1,1,1,0,Mobile,India,"Social Media"
user_2583,1,1,1,0,Mobile,France,"Social Media"
user_2695,1,0,0,0,Tablet,UK,Direct
user_1118,1,1,1,1,Tablet,India,"Social Media"
user_1080,1,1,1,0,Desktop,Germany,"Social Media"
user_1419,1,1,1,0,Tablet,UK,Google
user_1131,1,1,1,1,Tablet,UK,Google
user_2986,1,1,1,0,Tablet,India,Google
user_2146,1,1,1,1,Tablet,France,Google
user_1137,1,1,1,1,Mobile,USA,"Social Media"
user_2892,1,1,1,1,Tablet,USA,"Social Media"
user_2205,1,1,1,0,Tablet,USA,Google
user_2539,1,1,1,0,Tablet,Australia,Direct
user_1624,1,1,1,1,Tablet,Germany,"Social Media"
user_2408,1,1,1,1,Tablet,UK,"Social Media"
user_2943,1,1,1,1,Tablet,Australia,Email
user_2303,1,1,1,1,Tablet,USA,"Social Media"
user_2353,1,1,1,1,Mobile,UK,Email
user_1432,1,1,1,0,Tablet,UK,"Social Media"
user_2985,1,1,1,1,Tablet,USA,"Social Media"
user_2071,1,1,1,0,Tablet,UK,"Social Media"
user_1157,1,1,0,0,Tablet,France,Google
user_1395,1,0,0,0,Tablet,UK,Direct
user_1304,1,1,1,1,Tablet,India,"Social Media"
user_2319,1,1,1,1,Tablet,USA,"Social Media"
user_2691,1,1,1,1,Tablet,USA,Google
user_2388,1,1,1,0,Tablet,USA,"Social Media"
user_1778,1,1,1,1,Tablet,USA,"Social Media"
user_2543,1,1,1,1,Tablet,UK,"Social Media"
user_1067,1,1,1,0,Tablet,Germany,"Social Media"
user_1082,1,1,1,0,Mobile,UK,Email
user_2245,1,1,1,0,Mobile,USA,Google
user_1848,1,1,1,1,Tablet,Germany,"Social Media"
user_2328,1,1,1,1,Tablet,USA,"Social Media"
user_1420,1,1,1,1,Tablet,USA,"Social Media"
user_1297,1,1,1,1,Tablet,UK,Email
user_2626,1,1,1,0,Tablet,USA,Google
user_2802,1,1,1,1,Tablet,India,"Social Media"
user_2190,1,1,1,1,Mobile,India,"Social Media"
user_2603,1,1,1,0,Tablet,Germany,"Social Media"
user_2617,1,0,0,0,Desktop,Australia,"Social Media"
user_1613,1,1,1,0,Tablet,Germany,Google
user_2169,1,1,1,0,Tablet,Germany,Google
user_1847,1,1,1,0,Tablet,UK,Google
user_2882,1,1,1,0,Mobile,USA,"Social Media"
user_2306,1,1,1,1,Mobile,Germany,Direct
user_2804,1,1,1,0,Tablet,India,Google
user_2292,1,1,1,0,Tablet,USA,"Social Media"
user_2234,1,0,0,0,Tablet,USA,"Social Media"
user_1628,1,1,1,1,Tablet,USA,"Social Media"
user_2063,1,1,1,1,Tablet,USA,"Social Media"
user_2528,1,0,0,0,Mobile,India,Email
user_1591,1,1,1,0,Tablet,Germany,Google
user_1996,1,1,1,1,Mobile,USA,Google
user_1642,1,1,1,0,Tablet,USA,"Social Media"
user_2704,1,1,1,1,Tablet,India,"Social Media"
user_2840,1,1,1,1,Mobile,India,Google
user_2789,1,1,1,1,Mobile,UK,"Social Media"
user_2317,1,1,1,1,Mobile,USA,"Social Media"
user_1675,1,1,1,0,Mobile,Canada,Google
user_2261,1,1,0,0,Tablet,India,"Social Media"
user_1932,1,1,1,1,Mobile,India,Email
user_2677,1,1,1,1,Tablet,India,"Social Media"
user_1688,1,1,1,1,Tablet,USA,"Social Media"
user_2856,1,0,0,0,Desktop,UK,"Social Media"
user_1942,1,1,1,1,Tablet,UK,"Social Media"
user_2895,1,1,1,1,Tablet,UK,"Social Media"
user_1596,1,1,1,0,Tablet,USA,"Social Media"
user_2951,1,1,1,1,Tablet,UK,Google
user_1103,1,1,0,0,Tablet,USA,"Social Media"
user_2526,1,1,1,0,Tablet,UK,"Social Media"
user_1966,1,1,1,1,Tablet,USA,"Social Media"
user_1239,1,1,1,1,Tablet,USA,"Social Media"
user_2437,1,1,1,1,Tablet,UK,"Social Media"
user_2332,1,1,1,1,Mobile,Germany,"Social Media"
user_2253,1,1,1,0,Mobile,UK,Google
user_1367,1,1,1,0,Tablet,India,Google
user_2635,1,1,1,0,Tablet,India,"Social Media"
user_1245,1,1,1,0,Tablet,France,Google
user_2675,1,1,1,1,Tablet,USA,Google
user_2044,1,1,0,0,Mobile,France,Direct
user_2099,1,1,1,0,Tablet,Canada,Email
user_1384,1,1,1,0,Tablet,India,"Social Media"
user_2723,1,1,1,0,Mobile,Germany,"Social Media"
user_1421,1,1,1,0,Tablet,USA,Google
user_1266,1,1,1,1,Tablet,UK,"Social Media"
user_1464,1,1,1,0,Mobile,Germany,Direct
user_2497,1,1,1,0,Tablet,India,"Social Media"
user_2224,1,1,1,1,Mobile,UK,Direct
user_2389,1,1,1,0,Mobile,USA,Google
user_1900,1,1,1,0,Tablet,USA,"Social Media"
user_2968,1,1,1,1,Tablet,France,"Social Media"
user_1697,1,1,1,1,Tablet,USA,"Social Media"
user_1407,1,1,1,1,Tablet,USA,"Social Media"
user_2370,1,1,1,1,Tablet,France,Email
user_1274,1,1,1,1,Tablet,USA,"Social Media"
user_2304,1,1,1,1,Mobile,USA,Email
user_2024,1,0,0,0,Desktop,Australia,Direct
user_1857,1,1,0,0,Mobile,USA,"Social Media"
user_1491,1,1,1,0,Mobile,USA,Google
user_1369,1,1,1,1,Mobile,India,"Social Media"
user_1392,1,1,1,0,Mobile,France,"Social Media"
user_1408,1,1,0,0,Mobile,USA,Google
user_2606,1,1,1,1,Tablet,India,"Social Media"
user_2508,1,1,1,0,Tablet,India,Google
user_1879,1,1,1,0,Desktop,Germany,Email
user_1320,1,0,0,0,Tablet,USA,Direct
user_1777,1,1,1,0,Tablet,UK,"Social Media"
user_2226,1,0,0,0,Desktop,USA,Direct
user_2396,1,1,1,0,Mobile,France,"Social Media"
user_2992,1,1,0,0,Tablet,USA,Email
user_2834,1,1,1,0,Mobile,India,"Social Media"
user_1048,1,1,1,1,Mobile,Germany,Email
user_2548,1,1,1,1,Tablet,USA,Direct
user_1330,1,1,1,0,Tablet,USA,"Social Media"
user_1793,1,1,1,0,Mobile,USA,Google
user_1946,1,1,1,0,Tablet,UK,"Social Media"
user_1379,1,1,1,1,Tablet,India,"Social Media"
user_2443,1,1,1,0,Tablet,France,"Social Media"
user_1273,1,1,1,1,Tablet,UK,Google
user_2877,1,1,1,1,Mobile,USA,"Social Media"
user_1337,1,1,1,1,Mobile,USA,Google
user_2435,1,1,1,1,Tablet,Australia,"Social Media"
user_1509,1,1,0,0,Mobile,USA,Google
user_1898,1,1,1,0,Mobile,France,"Social Media"
user_2672,1,1,1,1,Tablet,Germany,"Social Media"
user_1724,1,1,1,1,Tablet,Canada,Google
user_2790,1,1,1,1,Tablet,USA,"Social Media"
user_2600,1,1,1,0,Tablet,UK,"Social Media"
user_1789,1,1,1,1,Tablet,UK,Google
user_1154,1,1,1,1,Tablet,USA,"Social Media"
user_2227,1,1,1,0,Tablet,USA,"Social Media"
user_2452,1,1,1,0,Tablet,UK,Google
user_1370,1,1,1,0,Tablet,India,Google
user_1312,1,1,1,0,Tablet,India,"Social Media"
user_2640,1,1,1,0,Tablet,India,"Social Media"
user_1514,1,1,1,1,Tablet,UK,"Social Media"
user_2083,1,1,1,0,Tablet,USA,Email
user_1254,1,1,1,0,Tablet,UK,Google
user_2851,1,1,1,1,Tablet,USA,"Social Media"
user_1896,1,1,1,0,Tablet,USA,"Social Media"
user_2058,1,1,1,1,Tablet,UK,"Social Media"
user_1071,1,1,1,1,Tablet,UK,"Social Media"
user_2125,1,1,1,0,Mobile,USA,"Social Media"
user_1569,1,1,1,1,Tablet,USA,"Social Media"
user_1872,1,1,1,0,Tablet,USA,"Social Media"
user_2550,1,1,1,0,Tablet,USA,Google
user_2061,1,1,0,0,Tablet,USA,"Social Media"
user_1213,1,1,1,1,Mobile,India,"Social Media"
user_1078,1,1,1,1,Tablet,India,Email
user_2961,1,1,1,0,Tablet,UK,"Social Media"
user_1231,1,1,1,1,Mobile,India,Direct
user_2667,1,1,0,0,Tablet,UK,Email
user_1311,1,1,1,0,Tablet,France,"Social Media"
user_1377,1,1,1,1,Tablet,USA,Email
user_1129,1,1,1,1,Tablet,India,"Social Media"
user_1463,1,1,1,0,Tablet,India,"Social Media"
user_1991,1,1,1,1,Tablet,UK,"Social Media"
user_1572,1,1,1,1,Tablet,Germany,Email
user_1339,1,1,1,0,Mobile,Germany,Direct
user_1196,1,1,1,1,Mobile,UK,"Social Media"
user_1220,1,1,1,1,Tablet,India,"Social Media"
user_1693,1,1,1,0,Tablet,USA,Google
user_1010,1,1,1,1,Mobile,Germany,"Social Media"
user_2738,1,1,1,0,Tablet,USA,Google
user_2275,1,1,1,0,Tablet,USA,"Social Media"
user_2134,1,1,1,0,Mobile,Germany,"Social Media"
user_1193,1,1,1,1,Mobile,Canada,Google
user_1799,1,1,1,0,Mobile,USA,Email
user_2991,1,1,1,1,Mobile,France,"Social Media"
user_2503,1,1,1,1,Mobile,Germany,"Social Media"
user_2620,1,1,1,1,Tablet,India,"Social Media"
user_2765,1,1,1,0,Mobile,USA,"Social Media"
user_1616,1,1,1,0,Tablet,UK,"Social Media"
user_2187,1,1,1,1,Tablet,USA,"Social Media"
user_1346,1,1,1,0,Tablet,India,"Social Media"
user_1967,1,1,1,1,Mobile,USA,"Social Media"
user_1229,1,1,1,0,Tablet,UK,"Social Media"
user_1903,1,1,1,1,Tablet,UK,Google
user_1748,1,1,1,1,Tablet,Germany,Google
user_1187,1,1,1,0,Tablet,India,Google
user_1282,1,1,0,0,Tablet,USA,"Social Media"
user_1925,1,1,1,1,Tablet,UK,"Social Media"
user_1032,1,1,1,1,Tablet,UK,"Social Media"
user_1607,1,1,1,0,Tablet,USA,Google
user_2230,1,1,1,1,Tablet,USA,"Social Media"
user_1677,1,1,1,0,Mobile,India,Email
user_1917,1,1,1,0,Tablet,USA,"Social Media"
user_1155,1,1,1,0,Tablet,Germany,Google
user_1021,1,1,1,1,Desktop,Germany,Google
user_2499,1,1,1,1,Mobile,UK,"Social Media"
user_2524,1,1,1,1,Mobile,USA,Google
user_2663,1,1,1,1,Tablet,France,"Social Media"
user_2449,1,1,1,1,Tablet,India,"Social Media"
user_2655,1,1,1,0,Tablet,USA,"Social Media"
user_2687,1,1,1,1,Tablet,France,Google
user_2742,1,1,1,0,Desktop,Canada,Email
user_2500,1,1,1,0,Tablet,India,"Social Media"
user_2767,1,1,1,1,Tablet,UK,"Social Media"
user_2178,1,1,1,1,Desktop,UK,"Social Media"
user_2444,1,1,1,1,Tablet,India,"Social Media"
user_1503,1,1,1,1,Tablet,USA,Google
user_2025,1,1,1,0,Mobile,India,Email
user_2769,1,1,1,0,Tablet,USA,"Social Media"
user_2451,1,1,1,1,Tablet,India,"Social Media"
user_1033,1,1,1,1,Tablet,USA,"Social Media"
user_1751,1,1,1,0,Tablet,Canada,"Social Media"
user_1754,1,1,1,0,Tablet,UK,"Social Media"
user_2637,1,1,1,1,Tablet,USA,Email
user_2048,1,1,1,1,Tablet,USA,Google
user_1681,1,1,1,1,Tablet,UK,"Social Media"
user_2885,1,1,1,0,Tablet,USA,Google
user_1468,1,1,1,0,Mobile,USA,"Social Media"
user_2643,1,1,1,0,Mobile,UK,"Social Media"
user_1020,1,1,1,1,Tablet,USA,"Social Media"
user_1252,1,1,1,1,Tablet,India,Google
user_1307,1,1,1,0,Mobile,UK,Direct
user_2929,1,1,1,0,Mobile,USA,Google
user_1106,1,1,1,1,Tablet,USA,"Social Media"
user_2050,1,1,0,0,Desktop,USA,"Social Media"
user_2210,1,1,1,0,Tablet,USA,"Social Media"
user_1462,1,1,1,0,Mobile,India,"Social Media"
user_2706,1,1,1,1,Tablet,UK,Google
user_1500,1,1,1,0,Tablet,USA,"Social Media"
user_2563,1,1,0,0,Tablet,India,Direct
user_2084,1,1,1,0,Tablet,Canada,Google
user_1971,1,1,1,1,Tablet,USA,Email
user_1731,1,1,1,1,Mobile,Germany,Google
user_2652,1,1,1,0,Mobile,India,Direct
user_2629,1,1,1,1,Tablet,USA,Google
user_2716,1,1,1,0,Tablet,France,"Social Media"
user_2093,1,1,1,0,Tablet,USA,Direct
user_1530,1,1,0,0,Tablet,Germany,Direct
user_1614,1,1,1,0,Desktop,Germany,"Social Media"
user_1804,1,1,0,0,Mobile,USA,Email
user_1076,1,1,1,0,Tablet,UK,"Social Media"
user_1478,1,1,0,0,Tablet,USA,Google
user_2815,1,1,1,0,Desktop,Australia,"Social Media"
user_2784,1,1,1,1,Tablet,UK,"Social Media"
user_1457,1,1,1,0,Tablet,USA,Google
user_2957,1,1,1,1,Tablet,Germany,"Social Media"
user_2959,1,1,1,1,Tablet,USA,Email
user_2758,1,1,1,0,Desktop,Canada,Google
user_2017,1,1,1,0,Mobile,India,"Social Media"
user_2131,1,1,1,0,Tablet,UK,"Social Media"
user_2342,1,1,1,1,Tablet,France,Direct
user_1322,1,1,0,0,Mobile,Canada,Direct
user_1075,1,1,1,1,Tablet,France,Google
user_1982,1,1,1,0,Tablet,USA,"Social Media"
user_2871,1,1,1,0,Tablet,India,Email
user_2891,1,1,1,0,Tablet,India,"Social Media"
user_2310,1,1,1,1,Desktop,UK,Google
user_2459,1,1,0,0,Tablet,India,Google
user_1192,1,1,0,0,Desktop,France,"Social Media"
user_2233,1,1,1,1,Tablet,USA,Email
user_1959,1,1,1,1,Tablet,USA,"Social Media"
user_2837,1,1,1,1,Tablet,India,Google
user_2439,1,1,1,0,Tablet,USA,Google
user_1383,1,1,1,1,Mobile,USA,"Social Media"
user_2170,1,1,1,1,Tablet,France,Google
user_1109,1,1,1,1,Tablet,USA,"Social Media"
user_1772,1,1,1,1,Tablet,India,Google
user_1144,1,1,1,0,Mobile,Germany,"Social Media"
user_2575,1,1,1,1,Desktop,UK,Google
user_2860,1,1,1,1,Tablet,USA,Google
user_1295,1,1,1,1,Tablet,USA,Google
user_1276,1,1,1,1,Tablet,USA,"Social Media"
user_2141,1,0,0,0,Desktop,UK,Email
user_1437,1,1,1,0,Mobile,Australia,"Social Media"
user_2043,1,1,1,0,Mobile,India,"Social Media"
user_1069,1,1,1,1,Tablet,USA,"Social Media"
user_1190,1,1,0,0,Mobile,USA,"Social Media"
user_1153,1,1,0,0,Mobile,UK,Google
user_1834,1,1,1,1,Tablet,USA,"Social Media"
user_1216,1,1,1,0,Tablet,UK,"Social Media"
user_2634,1,1,1,1,Mobile,USA,"Social Media"
user_2682,1,1,1,0,Tablet,India,"Social Media"
user_1989,1,1,1,0,Mobile,USA,Google
user_1188,1,1,1,1,Mobile,USA,"Social Media"
user_2597,1,1,1,1,Tablet,India,"Social Media"
user_2752,1,1,1,1,Tablet,India,Email
user_2475,1,1,1,1,Tablet,India,"Social Media"
user_1489,1,1,1,0,Mobile,Germany,Email
user_1740,1,1,1,1,Tablet,USA,"Social Media"
user_1477,1,1,1,1,Tablet,USA,"Social Media"
user_2179,1,1,1,1,Tablet,USA,Google
user_2997,1,1,1,0,Tablet,USA,"Social Media"
user_1178,1,1,1,1,Tablet,UK,"Social Media"
user_2932,1,1,1,1,Tablet,USA,"Social Media"
user_1447,1,1,1,1,Mobile,India,Email
user_2912,1,1,1,1,Mobile,India,"Social Media"
user_1258,1,1,1,1,Tablet,USA,"Social Media"
user_1548,1,1,1,0,Tablet,India,Google
user_2861,1,1,1,0,Tablet,India,Email
user_1806,1,1,1,1,Mobile,India,"Social Media"
user_1746,1,1,1,0,Mobile,USA,Email
user_1867,1,1,1,0,Tablet,USA,"Social Media"
user_1466,1,1,1,1,Tablet,USA,Email
user_2118,1,1,1,0,Tablet,UK,Direct
user_1438,1,1,1,0,Mobile,Germany,"Social Media"
user_1331,1,1,0,0,Desktop,Canada,Direct
user_1240,1,1,1,1,Tablet,USA,Google
user_1382,1,1,1,1,Mobile,UK,Direct
user_1710,1,1,1,0,Mobile,Australia,Email
user_1443,1,1,1,1,Tablet,India,Google
user_1506,1,1,1,0,Tablet,USA,Google
user_1488,1,1,1,0,Tablet,India,Email
user_1272,1,1,1,0,Tablet,UK,"Social Media"
user_1381,1,1,1,0,Tablet,UK,Google
user_1617,1,1,1,1,Tablet,USA,Google
user_1328,1,1,1,1,Mobile,USA,"Social Media"
user_2115,1,1,1,0,Tablet,USA,Google
user_2718,1,1,1,0,Tablet,Germany,Google
user_2347,1,1,1,0,Tablet,USA,Google
user_1459,1,0,0,0,Mobile,Australia,Google
user_2032,1,1,1,0,Tablet,UK,Google
user_2602,1,1,1,0,Tablet,USA,"Social Media"
user_2463,1,1,1,1,Mobile,USA,Google
user_1013,1,1,1,0,Mobile,Germany,Google
user_2086,1,1,1,0,Tablet,Germany,"Social Media"
user_1802,1,1,0,0,Mobile,USA,Google
user_2805,1,1,1,0,Tablet,India,"Social Media"
user_2776,1,1,1,0,Tablet,UK,"Social Media"
user_1410,1,1,1,1,Tablet,USA,"Social Media"
user_1894,1,1,1,0,Mobile,UK,Email
user_2824,1,1,1,0,Mobile,France,Email
user_1902,1,1,1,1,Desktop,UK,Google
user_1004,1,0,0,0,Tablet,Germany,Google
user_2322,1,1,1,0,Tablet,Germany,"Social Media"
user_2296,1,1,1,0,Desktop,Canada,Email
user_1786,1,1,1,1,Desktop,Germany,Email
user_1006,1,1,1,0,Tablet,USA,"Social Media"
user_2289,1,0,0,0,Mobile,Germany,Google
user_1261,1,1,1,0,Tablet,India,"Social Media"
user_1905,1,1,1,0,Tablet,USA,Google
user_2941,1,1,1,0,Tablet,France,"Social Media"
user_2189,1,1,1,0,Mobile,India,Google
user_1775,1,1,0,0,Tablet,India,"Social Media"
user_1534,1,1,1,1,Mobile,USA,"Social Media"
user_1323,1,1,1,1,Tablet,UK,Google
user_1495,1,1,1,0,Tablet,UK,Google
user_1926,1,1,1,1,Tablet,UK,Google
user_2121,1,1,1,1,Desktop,UK,Google
user_2694,1,1,1,0,Mobile,USA,Email
user_2661,1,1,1,0,Mobile,UK,"Social Media"
user_2092,1,1,1,1,Mobile,USA,"Social Media"
user_1317,1,1,0,0,Tablet,Canada,Email
user_1734,1,1,1,0,Tablet,France,"Social Media"
user_2038,1,1,1,1,Tablet,USA,"Social Media"
user_1332,1,1,1,0,Mobile,France,Google
user_1785,1,1,1,1,Mobile,India,"Social Media"
user_2995,1,1,0,0,Mobile,Canada,Google
user_1701,1,1,1,0,Mobile,India,Google
user_1657,1,1,1,1,Tablet,UK,Google
user_2636,1,1,1,1,Tablet,USA,Email
user_2588,1,1,1,1,Desktop,Germany,Email
user_1716,1,1,1,0,Tablet,Germany,"Social Media"
user_2850,1,1,1,1,Tablet,USA,"Social Media"
user_1098,1,1,1,1,Desktop,UK,Google
user_1423,1,1,1,0,Tablet,USA,"Social Media"
user_1625,1,1,1,1,Tablet,USA,Google
user_1025,1,1,1,1,Tablet,UK,Google
user_2800,1,1,1,1,Tablet,UK,"Social Media"
user_1416,1,1,1,1,Mobile,UK,"Social Media"
user_1102,1,1,1,1,Desktop,UK,"Social Media"
user_2147,1,1,1,0,Mobile,France,Email
user_2251,1,1,1,1,Mobile,USA,Google
user_2007,1,1,1,1,Tablet,USA,Google
user_2843,1,1,1,0,Mobile,UK,Google
user_2917,1,1,1,1,Tablet,USA,"Social Media"
user_2427,1,1,0,0,Tablet,India,"Social Media"
user_1342,1,1,1,1,Mobile,USA,"Social Media"
user_1671,1,1,0,0,Desktop,UK,Direct
user_1606,1,1,1,1,Tablet,UK,Email
user_1203,1,1,1,1,Tablet,UK,"Social Media"
user_2899,1,1,0,0,Tablet,USA,"Social Media"
user_2887,1,1,1,1,Tablet,UK,"Social Media"
user_2145,1,1,1,1,Tablet,UK,"Social Media"
user_2623,1,1,1,0,Mobile,India,"Social Media"
user_2059,1,1,1,0,Desktop,UK,"Social Media"
user_1680,1,1,1,1,Tablet,USA,"Social Media"
user_1015,1,1,1,1,Mobile,India,Google
user_1090,1,0,0,0,Mobile,UK,Google
user_2265,1,1,1,1,Mobile,USA,"Social Media"
user_2708,1,1,1,0,Mobile,Canada,Direct
user_1650,1,1,1,0,Mobile,Germany,Google
user_1538,1,1,1,0,Desktop,India,Google
user_1199,1,1,1,0,Mobile,India,Google
user_1978,1,1,0,0,Tablet,UK,"Social Media"
user_2009,1,1,1,1,Desktop,USA,"Social Media"
user_1008,1,1,1,1,Tablet,USA,"Social Media"
user_1194,1,1,1,1,Tablet,Australia,Google
user_2481,1,1,1,1,Tablet,UK,Google
user_2364,1,1,1,1,Tablet,USA,Google
user_2792,1,1,1,1,Tablet,USA,Google
user_1783,1,1,1,0,Mobile,Germany,Google
user_1846,1,1,1,0,Tablet,France,Email
user_2045,1,1,1,1,Tablet,USA,"Social Media"
user_1041,1,1,1,1,Tablet,USA,"Social Media"
user_1689,1,1,1,0,Mobile,UK,"Social Media"
user_2160,1,1,1,0,Tablet,India,"Social Media"
user_2496,1,1,1,1,Mobile,UK,Google
user_2204,1,1,1,1,Tablet,USA,"Social Media"
user_1641,1,1,1,1,Tablet,USA,Email
user_2091,1,1,1,1,Tablet,USA,Google
user_2068,1,1,0,0,Tablet,USA,"Social Media"
user_1257,1,1,1,0,Tablet,USA,Google
user_3001,1,1,1,1,Tablet,Germany,"Social Media"
user_1808,1,1,1,1,Mobile,India,"Social Media"
user_1858,1,1,0,0,Tablet,Germany,Google
user_1732,1,1,1,0,Tablet,France,Google
user_1066,1,1,1,0,Tablet,USA,Google
user_1485,1,1,1,1,Tablet,UK,Email
user_1237,1,1,1,0,Tablet,India,Google
user_1378,1,1,1,1,Tablet,UK,Direct
user_1215,1,1,1,1,Tablet,USA,Google
user_1890,1,1,1,0,Mobile,Germany,Email
user_2345,1,1,1,0,Tablet,USA,Google
user_2159,1,1,1,1,Mobile,UK,"Social Media"
user_1243,1,0,0,0,Mobile,Canada,Email
user_2305,1,1,1,1,Tablet,India,Email
user_1474,1,1,1,1,Tablet,Germany,Google
user_1949,1,1,1,0,Tablet,France,Google
user_2949,1,1,0,0,Tablet,USA,Google
user_1840,1,1,0,0,Tablet,Germany,Google
user_1923,1,1,1,1,Tablet,USA,"Social Media"
user_1598,1,1,1,1,Mobile,USA,Email
user_1583,1,1,1,0,Mobile,USA,Google
user_1763,1,1,1,0,Tablet,USA,"Social Media"
user_1038,1,1,1,1,Tablet,UK,"Social Media"
user_1036,1,1,1,0,Mobile,Australia,Google
user_2051,1,1,1,0,Tablet,India,"Social Media"
user_2839,1,1,1,1,Desktop,India,Google
user_1183,1,1,1,0,Tablet,UK,"Social Media"
user_1676,1,1,1,0,Mobile,India,Google
user_1479,1,1,1,1,Tablet,USA,Google
user_1324,1,1,1,1,Mobile,France,Email
user_1709,1,1,1,1,Tablet,USA,Google
user_1174,1,1,1,0,Tablet,USA,"Social Media"
user_1347,1,1,1,1,Tablet,USA,"Social Media"
user_1998,1,1,1,0,Tablet,Australia,Direct
user_1950,1,1,1,0,Tablet,UK,"Social Media"
user_2746,1,1,1,0,Tablet,Germany,Google
user_2656,1,1,1,1,Desktop,Germany,Google
user_1394,1,1,1,1,Tablet,India,Google
user_2544,1,1,1,0,Tablet,USA,Google
user_2557,1,1,1,1,Tablet,UK,Google
user_1406,1,1,1,1,Tablet,USA,"Social Media"
user_1180,1,1,1,1,Tablet,USA,Google
user_1281,1,1,1,1,Tablet,India,Email
user_2158,1,0,0,0,Mobile,Germany,Email
user_1615,1,1,1,1,Mobile,France,"Social Media"
user_1567,1,1,1,1,Mobile,UK,Google
user_1204,1,1,1,0,Tablet,France,"Social Media"
user_1512,1,1,1,1,Tablet,India,Google
user_1526,1,1,1,0,Mobile,Canada,"Social Media"
user_2641,1,1,1,0,Tablet,UK,Google
user_1283,1,1,1,0,Tablet,Germany,"Social Media"
user_1744,1,1,1,0,Tablet,Canada,Google
user_2214,1,1,1,0,Tablet,Canada,Google
user_2683,1,1,1,1,Tablet,USA,Google
user_1570,1,1,1,1,Mobile,USA,"Social Media"
user_2893,1,1,0,0,Desktop,India,Direct
user_1592,1,1,1,0,Tablet,USA,"Social Media"
user_1299,1,1,1,0,Mobile,Germany,"Social Media"
user_2785,1,1,1,0,Tablet,UK,"Social Media"
user_2398,1,1,1,1,Tablet,USA,"Social Media"
user_2560,1,1,1,1,Tablet,UK,"Social Media"
user_2855,1,1,1,0,Desktop,USA,"Social Media"
user_2470,1,1,1,1,Tablet,USA,Google
user_2922,1,1,1,0,Tablet,UK,Google
user_2925,1,1,1,0,Tablet,UK,"Social Media"
user_1348,1,1,1,1,Tablet,UK,Google
user_2869,1,1,1,0,Tablet,USA,Google
user_2770,1,1,1,1,Desktop,USA,Google
user_2903,1,1,1,1,Mobile,USA,Google
user_1620,1,1,1,1,Tablet,USA,"Social Media"
user_2029,1,1,1,0,Tablet,Germany,"Social Media"
user_1957,1,1,0,0,Tablet,USA,Google
user_2373,1,1,1,0,Tablet,Germany,"Social Media"
user_1634,1,1,1,0,Tablet,France,"Social Media"
user_2122,1,1,1,0,Mobile,India,Email
user_2545,1,1,1,1,Mobile,USA,Google
user_1878,1,1,1,0,Tablet,USA,Email
user_1198,1,1,1,0,Tablet,USA,Email
user_1602,1,1,1,0,Tablet,USA,Google
user_1493,1,1,1,0,Tablet,UK,Google
user_1683,1,1,0,0,Tablet,USA,Google
user_1397,1,1,1,1,Tablet,USA,Email
user_1095,1,1,0,0,Tablet,UK,Direct
user_2297,1,1,1,0,Tablet,USA,"Social Media"
user_2106,1,1,1,1,Mobile,France,Google
user_2732,1,1,1,1,Tablet,UK,"Social Media"
user_1779,1,1,0,0,Tablet,USA,"Social Media"
user_1638,1,1,1,0,Tablet,USA,"Social Media"
user_1964,1,1,1,0,Tablet,USA,Google
user_2103,1,1,1,1,Tablet,India,"Social Media"
user_2989,1,1,1,1,Tablet,USA,"Social Media"
user_1767,1,1,1,0,Tablet,USA,"Social Media"
user_2574,1,1,1,1,Tablet,UK,"Social Media"
user_1236,1,1,1,1,Tablet,India,"Social Media"
user_1108,1,0,0,0,Desktop,USA,"Social Media"
user_2963,1,1,1,1,Tablet,USA,"Social Media"
user_2413,1,1,1,0,Mobile,UK,Google
user_1352,1,1,1,0,Tablet,UK,"Social Media"
user_1235,1,1,1,1,Tablet,USA,"Social Media"
user_1801,1,1,0,0,Mobile,Germany,Google
user_2946,1,0,0,0,Desktop,Germany,Direct
user_1318,1,1,1,1,Tablet,USA,"Social Media"
user_2039,1,1,0,0,Tablet,USA,"Social Media"
user_1656,1,1,0,0,Tablet,France,"Social Media"
user_2272,1,1,1,1,Tablet,France,"Social Media"
user_1686,1,1,1,0,Tablet,France,Google
user_2409,1,1,1,0,Tablet,Germany,"Social Media"
user_2900,1,1,0,0,Desktop,UK,Email
user_1358,1,1,1,0,Tablet,Canada,"Social Media"
user_2254,1,1,1,0,Desktop,Germany,Google
user_1354,1,1,1,1,Mobile,UK,Google
user_1544,1,1,1,1,Tablet,USA,"Social Media"
user_1881,1,1,1,0,Mobile,India,Direct
user_2423,1,1,1,0,Tablet,USA,Google
user_2841,1,1,1,0,Desktop,UK,"Social Media"
user_2631,1,1,1,1,Desktop,USA,"Social Media"
user_1207,1,1,1,0,Desktop,UK,Email
user_2867,1,1,1,1,Mobile,UK,"Social Media"
user_1255,1,1,1,1,Tablet,USA,Google
user_2057,1,1,1,0,Tablet,UK,"Social Media"
user_2757,1,1,1,0,Mobile,UK,Email
user_1057,1,1,1,1,Tablet,USA,"Social Media"
user_1224,1,1,1,1,Tablet,USA,"Social Media"
user_1839,1,1,1,0,Tablet,UK,Google
user_1951,1,1,1,0,Tablet,UK,"Social Media"
user_1267,1,1,1,0,Mobile,Germany,Email
user_2582,1,1,1,0,Tablet,USA,"Social Media"
user_2404,1,1,1,1,Tablet,France,Google
user_2175,1,1,1,1,Tablet,UK,"Social Media"
user_2393,1,1,1,1,Tablet,India,Google
user_1191,1,1,0,0,Mobile,Canada,Google
user_1696,1,1,1,0,Tablet,UK,Google
user_1351,1,1,1,1,Tablet,India,"Social Media"
user_2820,1,1,1,1,Tablet,USA,Google
user_1826,1,1,1,1,Tablet,Germany,Google
user_2312,1,1,1,0,Tablet,UK,"Social Media"
user_2924,1,0,0,0,Tablet,Canada,"Social Media"
user_2281,1,1,1,1,Desktop,USA,Google
user_2036,1,1,0,0,Tablet,UK,Google
user_1838,1,1,1,0,Tablet,UK,"Social Media"
user_1334,1,0,0,0,Mobile,USA,Direct
user_1074,1,1,1,1,Tablet,India,"Social Media"
user_1271,1,1,1,0,Tablet,UK,Direct
user_1685,1,1,1,1,Tablet,UK,Direct
user_1919,1,1,0,0,Tablet,USA,Direct
user_2756,1,1,1,1,Tablet,UK,Google
user_1790,1,1,1,1,Tablet,India,Google
user_2590,1,1,0,0,Mobile,Germany,"Social Media"
user_1601,1,1,1,1,Desktop,Germany,Direct
user_2309,1,1,1,1,Desktop,Australia,Direct
user_1107,1,1,1,1,Tablet,USA,"Social Media"
user_2473,1,1,1,1,Mobile,USA,Google
user_2221,1,1,1,0,Tablet,UK,"Social Media"
user_1158,1,1,1,0,Tablet,USA,"Social Media"
user_1844,1,0,0,0,Desktop,Germany,Google
user_2232,1,1,1,0,Tablet,India,Google
user_2554,1,1,1,0,Tablet,USA,Google
user_1458,1,1,1,1,Tablet,USA,"Social Media"
user_1810,1,1,1,1,Tablet,USA,Google
user_1110,1,1,1,1,Mobile,India,"Social Media"
user_1393,1,1,1,1,Tablet,USA,"Social Media"
user_1246,1,1,1,1,Mobile,UK,"Social Media"
user_1452,1,1,0,0,Desktop,India,Google
user_2549,1,0,0,0,Tablet,France,Google
user_2139,1,1,1,0,Tablet,UK,"Social Media"
user_2222,1,1,1,1,Mobile,India,"Social Media"
user_1360,1,1,1,0,Tablet,USA,"Social Media"
user_1920,1,1,1,0,Tablet,USA,"Social Media"
user_2191,1,1,1,1,Tablet,France,"Social Media"
user_1275,1,1,1,0,Mobile,Germany,Google
user_2166,1,1,0,0,Tablet,Canada,Email
user_1908,1,0,0,0,Tablet,Canada,Google
user_1289,1,1,1,0,Mobile,UK,"Social Media"
user_1182,1,1,1,0,Mobile,India,"Social Media"
user_2990,1,1,1,0,Tablet,Germany,Google
user_1669,1,1,1,0,Tablet,UK,Google
user_1673,1,1,1,0,Desktop,France,Google
user_2367,1,1,1,1,Tablet,USA,Email
user_1047,1,1,1,0,Mobile,UK,Google
user_2766,1,1,1,1,Tablet,UK,Google
user_2412,1,1,1,1,Tablet,India,Google
user_2658,1,1,1,0,Tablet,USA,"Social Media"
user_2172,1,1,0,0,Tablet,Germany,Google
user_1470,1,1,1,1,Mobile,France,"Social Media"
user_2835,1,1,1,1,Mobile,UK,Email
user_2042,1,1,1,0,Tablet,USA,Email
user_2622,1,1,1,1,Tablet,USA,Direct
user_2615,1,1,0,0,Tablet,Canada,Email
user_2763,1,1,1,0,Mobile,USA,Email
user_2180,1,0,0,0,Desktop,Canada,Google
user_2362,1,1,1,1,Tablet,USA,Google
user_2668,1,1,1,1,Mobile,USA,"Social Media"
user_1757,1,1,1,0,Tablet,France,"Social Media"
user_2981,1,1,1,0,Desktop,France,Email
user_1291,1,1,1,0,Mobile,India,Google
user_2934,1,1,1,1,Tablet,USA,"Social Media"
user_1315,1,1,1,1,Mobile,USA,Google
user_1936,1,0,0,0,Desktop,India,"Social Media"
user_2315,1,1,0,0,Desktop,India,Email
user_2731,1,1,1,1,Mobile,Australia,Direct
user_1727,1,1,0,0,Desktop,UK,Google
user_2931,1,1,1,1,Mobile,UK,"Social Media"
user_2476,1,1,1,1,Tablet,USA,Email
user_2120,1,1,0,0,Mobile,UK,Google
user_1581,1,1,1,1,Tablet,UK,Email
user_2128,1,1,1,1,Tablet,UK,"Social Media"
user_1306,1,1,1,1,Tablet,UK,Google
user_1593,1,1,1,1,Mobile,France,Email
user_2104,1,1,1,0,Mobile,Germany,Email
user_2650,1,1,1,1,Tablet,USA,"Social Media"
user_2883,1,1,1,1,Tablet,USA,Google
user_2081,1,1,1,1,Mobile,UK,Google
user_2001,1,1,0,0,Tablet,France,Email
user_1831,1,1,1,0,Tablet,USA,"Social Media"
user_1023,1,1,0,0,Tablet,USA,"Social Media"
user_2689,1,1,1,0,Desktop,France,"Social Media"
user_2424,1,1,1,0,Tablet,USA,"Social Media"
user_1027,1,1,1,1,Tablet,UK,"Social Media"
user_1588,1,1,1,0,Mobile,Canada,Google
user_2664,1,1,0,0,Desktop,UK,Google
user_2644,1,1,1,1,Tablet,USA,Google
user_2193,1,1,1,0,Tablet,UK,"Social Media"
user_1712,1,1,1,0,Tablet,UK,Google
user_2095,1,1,1,0,Tablet,Germany,Google
user_2090,1,0,0,0,Desktop,India,Direct
user_2403,1,1,1,0,Mobile,USA,"Social Media"
user_2973,1,0,0,0,Tablet,Germany,Google
user_2595,1,1,1,1,Mobile,India,Google
user_2102,1,1,1,1,Tablet,USA,"Social Media"
user_2425,1,1,1,0,Tablet,USA,"Social Media"
user_1875,1,1,1,0,Tablet,Germany,"Social Media"
user_2493,1,0,0,0,Tablet,Australia,Google
user_1830,1,1,1,1,Mobile,USA,"Social Media"
user_2027,1,1,1,0,Tablet,UK,"Social Media"
user_1948,1,1,1,1,Tablet,India,"Social Media"
user_2734,1,1,1,1,Mobile,France,"Social Media"
user_2978,1,1,1,0,Tablet,UK,"Social Media"
user_2196,1,1,0,0,Mobile,India,Google
user_2542,1,1,1,0,Mobile,USA,Google
user_2258,1,1,1,0,Tablet,USA,"Social Media"
user_1104,1,1,1,0,Tablet,India,"Social Media"
user_1031,1,1,1,0,Tablet,UK,"Social Media"
user_1440,1,1,1,1,Mobile,USA,"Social Media"
user_2377,1,1,1,1,Desktop,UK,"Social Media"
user_1244,1,1,1,0,Mobile,Australia,Google
user_2195,1,1,1,1,Mobile,USA,Email
user_1738,1,1,1,1,Tablet,Germany,Google
user_2184,1,1,1,1,Tablet,India,"Social Media"
user_1040,1,1,1,1,Tablet,India,Google
user_2469,1,1,1,1,Tablet,Germany,"Social Media"
user_2578,1,1,1,0,Mobile,UK,"Social Media"
user_2884,1,1,1,0,Desktop,India,"Social Media"
user_1152,1,1,1,0,Desktop,Canada,Email
user_2400,1,1,1,0,Mobile,India,"Social Media"
user_1045,1,1,1,1,Tablet,UK,"Social Media"
user_2375,1,1,1,1,Mobile,Germany,Direct
user_1901,1,1,1,0,Mobile,Canada,Google
user_2079,1,1,1,0,Desktop,UK,Google
user_2888,1,1,1,1,Tablet,UK,Google
user_1649,1,1,1,0,Mobile,India,Email
user_1886,1,1,1,1,Tablet,Germany,Google
user_2434,1,1,0,0,Mobile,India,Email
user_1992,1,1,1,1,Tablet,UK,"Social Media"
user_2460,1,1,1,0,Tablet,UK,Email
user_1930,1,1,1,0,Mobile,Germany,Direct
user_2611,1,1,1,0,Desktop,USA,"Social Media"
user_1241,1,1,1,0,Desktop,USA,"Social Media"
user_1687,1,1,1,0,Mobile,UK,"Social Media"
user_1880,1,1,1,0,Mobile,France,Google
user_1665,1,1,1,1,Mobile,USA,"Social Media"
user_2773,1,1,1,0,Tablet,USA,Google
user_2782,1,1,1,1,Tablet,France,"Social Media"
user_1226,1,1,1,1,Tablet,UK,"Social Media"
user_2852,1,1,0,0,Mobile,India,Google
user_1134,1,0,0,0,Mobile,Canada,Direct
user_1742,1,1,1,0,Tablet,UK,"Social Media"
user_1177,1,1,1,0,Tablet,UK,"Social Media"
user_2155,1,1,0,0,Desktop,Germany,"Social Media"
user_2935,1,1,0,0,Mobile,India,Email
user_2520,1,1,0,0,Tablet,USA,"Social Media"
user_1005,1,1,1,1,Mobile,India,Google
user_2684,1,1,1,0,Tablet,USA,"Social Media"
user_2896,1,1,1,0,Tablet,UK,"Social Media"
user_1703,1,1,1,1,Desktop,India,Email
user_1247,1,1,1,0,Tablet,USA,"Social Media"
user_2082,1,1,0,0,Desktop,France,Direct
user_2215,1,1,1,1,Tablet,USA,"Social Media"
user_1504,1,1,1,1,Tablet,UK,Direct
user_2474,1,1,1,1,Mobile,Australia,Google
user_2211,1,1,1,0,Tablet,UK,Direct
user_1836,1,0,0,0,Desktop,Canada,Google
user_1391,1,1,1,0,Tablet,UK,"Social Media"
user_2660,1,1,1,0,Tablet,France,"Social Media"
user_2087,1,1,1,0,Tablet,UK,"Social Media"
user_2534,1,1,1,1,Tablet,UK,Google
user_1885,1,1,1,1,Tablet,USA,Google
user_2728,1,1,1,1,Tablet,UK,"Social Media"
user_1723,1,1,1,1,Tablet,USA,"Social Media"
user_2290,1,1,1,0,Tablet,UK,Google
user_1209,1,1,1,0,Tablet,Canada,Email
user_1061,1,1,1,0,Tablet,USA,Google
user_1185,1,1,1,1,Mobile,India,"Social Media"
user_2662,1,1,0,0,Desktop,India,"Social Media"
user_1698,1,0,0,0,Mobile,France,Direct
user_1389,1,1,1,1,Tablet,Germany,"Social Media"
user_2003,1,1,0,0,Tablet,USA,Google
user_2411,1,1,1,1,Desktop,USA,Email
user_1140,1,1,1,1,Tablet,UK,"Social Media"
user_1579,1,1,1,0,Tablet,USA,"Social Media"
user_2730,1,1,1,0,Mobile,UK,"Social Media"
user_2926,1,1,1,1,Tablet,UK,"Social Media"
user_2098,1,0,0,0,Mobile,Australia,Direct
user_1906,1,1,1,1,Tablet,India,"Social Media"
user_2117,1,1,1,0,Tablet,USA,"Social Media"
user_1553,1,1,1,0,Desktop,USA,"Social Media"
user_1119,1,1,0,0,Mobile,Canada,Email
user_1861,1,1,1,0,Mobile,USA,"Social Media"
user_1704,1,1,1,1,Tablet,USA,Email
user_2627,1,1,0,0,Tablet,USA,"Social Media"
user_2402,1,1,1,1,Tablet,UK,Google
user_1805,1,1,0,0,Tablet,USA,Google
user_1585,1,1,1,1,Mobile,USA,"Social Media"
user_1690,1,1,1,1,Mobile,UK,"Social Media"
user_1335,1,1,1,0,Mobile,USA,Google
user_2618,1,0,0,0,Tablet,Germany,Direct
user_2301,1,1,1,1,Tablet,USA,"Social Media"
user_1223,1,1,0,0,Tablet,Canada,"Social Media"
user_1888,1,1,1,0,Tablet,UK,"Social Media"
user_2127,1,1,1,0,Tablet,UK,Google
user_2607,1,1,1,1,Mobile,Canada,"Social Media"
user_1516,1,1,0,0,Mobile,Canada,Direct
user_1780,1,1,1,1,Desktop,Canada,Direct
user_2080,1,0,0,0,Tablet,Australia,Email
user_1404,1,1,1,1,Tablet,UK,"Social Media"
user_1608,1,1,1,0,Mobile,India,Google
user_1755,1,1,1,1,Tablet,USA,"Social Media"
user_2669,1,1,1,1,Tablet,USA,Google
user_1533,1,1,1,0,Tablet,USA,"Social Media"
user_1968,1,0,0,0,Desktop,Germany,Direct
user_2346,1,1,1,1,Tablet,UK,Google
user_2382,1,1,1,0,Tablet,India,Google
user_1219,1,1,1,0,Mobile,USA,"Social Media"
user_1505,1,1,0,0,Mobile,UK,Email
user_1648,1,1,0,0,Mobile,Germany,Email
user_2446,1,1,1,1,Desktop,UK,Email
user_2285,1,1,1,1,Tablet,Germany,"Social Media"
user_2380,1,1,1,0,Tablet,India,Google
user_2073,1,0,0,0,Desktop,India,Email
user_1531,1,1,1,1,Desktop,India,"Social Media"
user_2797,1,1,1,1,Desktop,India,"Social Media"
user_1302,1,1,1,1,Tablet,UK,Direct
user_1411,1,1,1,0,Tablet,USA,"Social Media"
user_1184,1,1,0,0,Tablet,India,"Social Media"
user_1918,1,1,1,0,Tablet,India,"Social Media"
user_1387,1,1,1,1,Tablet,USA,Google
user_2274,1,1,1,0,Tablet,USA,"Social Media"
user_1084,1,1,1,1,Tablet,UK,"Social Media"
user_1319,1,0,0,0,Mobile,Canada,"Social Media"
user_2487,1,1,1,0,Tablet,USA,Email
user_2711,1,1,1,1,Tablet,Germany,"Social Media"
user_2753,1,1,1,1,Tablet,France,"Social Media"
user_1487,1,1,1,1,Tablet,UK,"Social Media"
user_2846,1,1,1,1,Tablet,Germany,"Social Media"
user_1398,1,1,0,0,Tablet,UK,Google
user_1089,1,1,1,0,Mobile,USA,Google
user_1361,1,1,0,0,Tablet,Germany,Direct
user_2747,1,1,1,1,Mobile,India,"Social Media"
user_2781,1,1,1,0,Desktop,USA,"Social Media"
user_2031,1,1,1,0,Tablet,USA,Email
user_2898,1,1,0,0,Desktop,France,Email
user_1128,1,1,1,0,Tablet,Germany,"Social Media"
user_1046,1,1,1,0,Tablet,UK,"Social Media"
user_1475,1,1,1,0,Mobile,France,Direct
user_2455,1,1,1,1,Mobile,France,Google
user_2477,1,1,0,0,Tablet,France,Email
user_2176,1,1,0,0,Tablet,France,"Social Media"
user_1970,1,1,1,1,Mobile,France,"Social Media"
user_1520,1,1,1,0,Tablet,Germany,"Social Media"
user_2341,1,1,1,1,Mobile,USA,Email
user_1288,1,1,1,0,Desktop,France,Google
user_1539,1,1,1,0,Mobile,USA,"Social Media"
user_1945,1,1,1,0,Tablet,Germany,Direct
user_1924,1,1,1,0,Tablet,Canada,Direct
user_2604,1,1,1,1,Tablet,USA,"Social Media"
user_1002,1,1,1,1,Tablet,Germany,"Social Media"
user_2886,1,1,1,1,Tablet,UK,"Social Media"
user_2933,1,1,1,0,Tablet,UK,"Social Media"
user_2558,1,1,1,0,Desktop,USA,"Social Media"
user_1050,1,1,0,0,Desktop,Germany,"Social Media"
user_2639,1,1,1,1,Tablet,USA,Email
user_1999,1,1,0,0,Tablet,Germany,Direct
user_2599,1,1,1,0,Mobile,India,"Social Media"
user_2721,1,1,1,1,Tablet,UK,"Social Media"
user_1026,1,1,1,1,Tablet,France,Google
user_1543,1,1,1,1,Mobile,India,Email
user_1260,1,1,0,0,Mobile,USA,Google
user_1055,1,1,1,1,Tablet,USA,Google
user_2700,1,0,0,0,Desktop,Australia,"Social Media"
user_1552,1,1,1,1,Tablet,USA,"Social Media"
user_2228,1,1,1,0,Mobile,India,Google
user_1413,1,1,1,1,Tablet,India,"Social Media"
user_1269,1,1,1,0,Desktop,France,Email
user_2614,1,1,1,0,Tablet,Germany,Google
user_2419,1,1,1,1,Desktop,USA,"Social Media"
user_1308,1,0,0,0,Tablet,Australia,Direct
user_2132,1,1,1,1,Mobile,USA,Google
user_2399,1,1,1,1,Tablet,France,"Social Media"
user_2185,1,1,1,0,Mobile,Germany,Direct
user_1496,1,0,0,0,Mobile,UK,Email
user_2348,1,1,1,0,Desktop,Canada,Google
user_1699,1,1,1,1,Tablet,Germany,"Social Media"
user_1770,1,1,1,1,Mobile,India,"Social Media"
user_2833,1,1,1,1,Desktop,Germany,Email
user_1750,1,1,1,1,Tablet,France,"Social Media"
user_2492,1,1,1,1,Tablet,UK,"Social Media"
user_2311,1,1,1,1,Mobile,UK,Email
user_2156,1,1,1,0,Desktop,France,Direct
user_1893,1,1,0,0,Desktop,UK,Direct
user_2915,1,1,1,0,Mobile,Germany,"Social Media"
user_2759,1,1,1,0,Mobile,France,Direct
user_1658,1,1,1,1,Tablet,USA,Google
user_1883,1,1,1,1,Tablet,USA,"Social Media"
user_2363,1,1,0,0,Mobile,USA,Google
user_1201,1,1,1,0,Tablet,Germany,"Social Media"
user_1928,1,1,0,0,Mobile,USA,"Social Media"
user_1691,1,1,1,1,Mobile,India,"Social Media"
user_1225,1,1,1,1,Tablet,India,"Social Media"
user_1116,1,1,1,1,Tablet,France,Google
user_1653,1,1,1,1,Tablet,USA,"Social Media"
user_1508,1,1,1,1,Tablet,Germany,Google
user_2585,1,1,1,0,Tablet,India,"Social Media"
user_1761,1,1,1,1,Tablet,India,Google
user_1660,1,1,1,1,Tablet,UK,"Social Media"
user_2942,1,1,1,0,Tablet,France,Direct
user_1301,1,1,1,0,Mobile,India,"Social Media"
user_2110,1,1,1,1,Tablet,Germany,Direct
user_1327,1,1,1,0,Tablet,Germany,"Social Media"
user_2701,1,1,0,0,Tablet,Germany,Email
user_1941,1,1,1,1,Tablet,UK,Google
user_1630,1,1,1,0,Tablet,India,"Social Media"
user_2796,1,1,1,1,Tablet,France,"Social Media"
user_1070,1,1,1,1,Mobile,Canada,"Social Media"
user_1892,1,1,1,0,Tablet,France,Google
user_2878,1,1,0,0,Desktop,France,Email
user_1112,1,1,1,1,Desktop,UK,Google
user_1465,1,1,1,1,Desktop,USA,Google
user_2909,1,0,0,0,Desktop,France,Direct
user_2288,1,1,1,0,Mobile,India,Direct
user_1162,1,1,1,1,Desktop,USA,"Social Media"
user_1862,1,1,1,0,Mobile,France,"Social Media"
user_1211,1,1,1,0,Tablet,USA,Google
user_1359,1,1,0,0,Mobile,India,Google
user_1442,1,1,1,1,Mobile,USA,"Social Media"
user_1702,1,1,1,1,Desktop,USA,Google
user_1947,1,1,1,1,Tablet,Germany,"Social Media"
user_2945,1,1,1,0,Tablet,Canada,Google
user_2157,1,1,1,1,Mobile,India,Email
user_2206,1,1,1,0,Mobile,UK,Google
user_2331,1,1,1,1,Tablet,USA,Google
user_1259,1,1,1,1,Tablet,USA,"Social Media"
user_1268,1,1,1,0,Mobile,USA,"Social Media"
user_2137,1,1,1,0,Mobile,France,Email
user_2566,1,1,1,0,Mobile,France,Email
user_2490,1,1,1,0,Tablet,UK,"Social Media"
user_1461,1,1,1,0,Tablet,UK,"Social Media"
user_2904,1,1,1,1,Mobile,UK,Email
user_2832,1,1,1,1,Tablet,Canada,Google
user_1380,1,1,1,1,Tablet,India,Google
user_2366,1,1,1,1,Tablet,UK,Google
user_1446,1,1,1,0,Tablet,India,"Social Media"
user_2151,1,1,1,0,Desktop,USA,Email
user_2529,1,1,1,0,Desktop,Australia,"Social Media"
user_1910,1,1,1,1,Mobile,UK,Google
user_2515,1,1,1,1,Desktop,Germany,Email
user_2511,1,1,1,1,Tablet,India,"Social Media"
user_1974,1,1,1,0,Tablet,India,Google
user_2453,1,1,1,0,Tablet,USA,"Social Media"
user_2316,1,1,1,1,Mobile,USA,"Social Media"
user_1798,1,1,1,1,Tablet,UK,"Social Media"
user_1828,1,1,1,0,Tablet,Germany,Google
user_1124,1,1,1,0,Tablet,USA,"Social Media"
user_2018,1,1,1,1,Tablet,USA,Google
user_2955,1,1,1,1,Tablet,France,"Social Media"
user_2504,1,1,0,0,Mobile,Germany,Email
user_2965,1,1,0,0,Tablet,UK,Direct
user_2468,1,1,1,1,Desktop,India,Direct
user_2143,1,1,1,1,Tablet,Germany,"Social Media"
user_1820,1,0,0,0,Tablet,UK,Email
user_1599,1,1,0,0,Tablet,Germany,"Social Media"
user_2514,1,1,0,0,Desktop,Australia,Direct
user_1868,1,1,1,1,Tablet,UK,"Social Media"
user_2591,1,1,1,1,Mobile,UK,"Social Media"
user_1618,1,1,1,0,Mobile,India,"Social Media"
user_2457,1,1,1,0,Tablet,UK,"Social Media"
user_2293,1,1,1,1,Mobile,India,Email
user_2778,1,1,1,1,Tablet,UK,"Social Media"
user_1935,1,1,0,0,Tablet,Canada,Direct
user_1860,1,1,1,0,Tablet,France,Google
user_2972,1,1,1,1,Tablet,USA,"Social Media"
user_1610,1,1,1,0,Desktop,USA,Google
user_2570,1,1,1,0,Tablet,Germany,"Social Media"
user_2914,1,1,1,0,Tablet,France,"Social Media"
user_1850,1,1,0,0,Tablet,USA,"Social Media"
user_1837,1,1,1,0,Tablet,UK,"Social Media"
user_2906,1,1,1,0,Tablet,India,Direct
user_1605,1,1,1,1,Tablet,USA,Email
user_2584,1,1,1,1,Tablet,Australia,Email
user_2384,1,1,0,0,Mobile,Germany,Direct
user_1965,1,1,1,0,Desktop,UK,"Social Media"
user_2208,1,1,1,1,Tablet,UK,"Social Media"
user_1147,1,1,1,0,Desktop,India,Direct
user_1253,1,1,0,0,Tablet,UK,Google
user_2472,1,1,1,0,Tablet,USA,Google
user_2910,1,1,0,0,Mobile,USA,Google
user_2733,1,1,1,1,Mobile,UK,Email
user_1494,1,1,1,1,Mobile,UK,Google
user_1270,1,1,1,1,Mobile,UK,"Social Media"
user_1895,1,1,0,0,Tablet,UK,Google
user_2685,1,1,1,0,Tablet,India,Email
user_1284,1,1,1,0,Tablet,India,Email
user_1985,1,1,1,1,Mobile,USA,Google
user_2923,1,1,1,0,Tablet,India,"Social Media"
user_2870,1,1,1,1,Tablet,Germany,Google
user_2454,1,1,1,0,Tablet,France,"Social Media"
user_2657,1,1,1,0,Tablet,India,"Social Media"
user_1760,1,1,1,1,Tablet,UK,"Social Media"
user_2974,1,1,0,0,Tablet,Germany,"Social Media"
user_1897,1,1,1,0,Tablet,UK,Email
user_1944,1,1,1,1,Mobile,UK,"Social Media"
user_2006,1,1,0,0,Desktop,USA,Email
user_2391,1,1,1,1,Mobile,Germany,"Social Media"
user_2940,1,1,0,0,Tablet,UK,"Social Media"
user_2219,1,1,0,0,Tablet,India,Google
user_2123,1,1,1,1,Mobile,India,"Social Media"
user_2236,1,1,0,0,Tablet,Canada,Google
user_2842,1,1,1,0,Mobile,Germany,"Social Media"
user_2329,1,1,0,0,Mobile,India,Google
user_3000,1,1,1,1,Tablet,India,"Social Media"
user_1540,1,1,1,1,Tablet,USA,Direct
user_2480,1,0,0,0,Tablet,Germany,"Social Media"
user_2937,1,1,1,0,Tablet,India,"Social Media"
user_1376,1,1,1,1,Mobile,Germany,Email
user_1017,1,1,1,1,Mobile,UK,"Social Media"
user_1079,1,1,1,0,Tablet,UK,"Social Media"
user_2028,1,1,1,1,Tablet,India,Google
user_2244,1,1,1,1,Desktop,USA,Email
user_2401,1,1,1,0,Mobile,India,Google
user_2628,1,1,1,0,Tablet,Canada,Google
user_2651,1,1,1,0,Desktop,USA,Direct
user_2385,1,1,1,0,Mobile,India,"Social Media"
user_2523,1,1,1,0,Tablet,France,"Social Media"
user_2207,1,1,1,0,Mobile,Germany,Google
user_2592,1,0,0,0,Desktop,UK,"Social Media"
user_1502,1,1,1,1,Tablet,Canada,"Social Media"
user_1142,1,1,1,1,Tablet,India,"Social Media"
user_1782,1,1,1,1,Mobile,UK,"Social Media"
user_1554,1,1,1,1,Mobile,USA,Direct
user_2376,1,1,1,0,Tablet,India,"Social Media"
user_1739,1,1,1,1,Mobile,USA,"Social Media"
user_1441,1,1,1,0,Tablet,UK,Google
user_1210,1,1,1,1,Mobile,Canada,Google
user_1921,1,1,1,1,Mobile,USA,"Social Media"
user_1765,1,1,1,0,Tablet,USA,Google
user_2859,1,1,1,1,Mobile,UK,Email
user_1349,1,1,1,1,Tablet,UK,Google
user_2696,1,1,1,0,Tablet,India,"Social Media"
user_1911,1,1,1,0,Tablet,USA,Email
user_1586,1,1,1,0,Tablet,India,"Social Media"
user_2260,1,1,0,0,Tablet,Australia,"Social Media"
user_2645,1,1,1,1,Tablet,Germany,Google
user_2775,1,1,1,1,Tablet,USA,Google
user_2881,1,1,1,0,Mobile,UK,Google
user_1151,1,0,0,0,Tablet,Germany,"Social Media"
user_1725,1,1,1,1,Mobile,France,"Social Media"
user_2519,1,1,1,1,Tablet,France,"Social Media"
user_2979,1,0,0,0,Tablet,UK,Google
user_1100,1,1,0,0,Desktop,UK,"Social Media"
user_1972,1,1,0,0,Tablet,France,"Social Media"
user_2171,1,1,1,0,Tablet,Germany,Email
user_1619,1,0,0,0,Desktop,Germany,Google
user_1054,1,1,1,0,Tablet,India,"Social Media"
user_2201,1,0,0,0,Mobile,France,Google
user_2461,1,1,1,0,Tablet,UK,"Social Media"
user_1876,1,1,1,1,Tablet,India,Email
user_1635,1,1,1,0,Tablet,UK,"Social Media"
user_2823,1,1,1,0,Desktop,India,Google
user_1049,1,1,1,1,Tablet,UK,Google
user_1092,1,1,1,1,Tablet,India,"Social Media"
user_1866,1,1,0,0,Desktop,UK,Direct
user_1753,1,1,1,1,Tablet,UK,Google
user_1344,1,1,1,0,Mobile,Canada,Google
user_1007,1,1,1,1,Mobile,USA,"Social Media"
user_1887,1,1,1,0,Mobile,Germany,Email
user_2686,1,0,0,0,Desktop,Canada,Google
user_1290,1,0,0,0,Mobile,Germany,Email
user_2571,1,1,1,0,Mobile,India,"Social Media"
user_2135,1,1,1,1,Tablet,Germany,Google
user_1195,1,0,0,0,Mobile,Canada,Direct
user_2062,1,1,1,0,Tablet,India,Google
user_1238,1,1,1,0,Tablet,UK,Email
user_2676,1,1,1,1,Mobile,UK,Google
user_1164,1,1,1,0,Tablet,UK,Email
user_1962,1,1,1,1,Tablet,UK,"Social Media"
user_2428,1,1,1,1,Tablet,Australia,"Social Media"
user_1851,1,1,1,0,Tablet,USA,"Social Media"
user_1791,1,1,0,0,Tablet,UK,Google
user_1294,1,1,0,0,Tablet,Germany,Google
user_2506,1,1,0,0,Tablet,UK,Email
user_1096,1,1,1,0,Mobile,India,Google
user_1931,1,0,0,0,Desktop,Australia,Google
user_1574,1,1,0,0,Tablet,USA,"Social Media"
user_1417,1,1,1,1,Tablet,Australia,"Social Media"
user_2559,1,1,1,0,Tablet,USA,Google
user_1256,1,1,1,0,Desktop,UK,Google
user_1197,1,1,1,0,Tablet,UK,Email
user_1855,1,1,1,1,Desktop,India,"Social Media"
user_1590,1,1,1,1,Mobile,UK,Direct
user_1726,1,1,1,1,Tablet,USA,Email
user_2438,1,1,0,0,Tablet,India,Google
user_2351,1,1,0,0,Mobile,India,Google
user_1449,1,1,1,1,Mobile,Germany,Email
user_1562,1,1,1,0,Mobile,USA,Google
user_1455,1,1,0,0,Desktop,USA,"Social Media"
user_2338,1,1,1,1,Mobile,Australia,Google
user_1482,1,1,1,1,Mobile,India,"Social Media"
user_2720,1,1,1,0,Tablet,USA,"Social Media"
user_2516,1,1,0,0,Tablet,India,Google
user_2094,1,1,1,1,Tablet,France,Google
user_2890,1,1,1,0,Desktop,France,Direct
user_2283,1,1,0,0,Mobile,Germany,"Social Media"
user_2023,1,1,1,1,Mobile,USA,Email
user_2308,1,1,1,1,Tablet,USA,"Social Media"
user_1214,1,1,0,0,Tablet,Canada,Direct
user_1549,1,1,1,0,Mobile,UK,Direct
user_2829,1,0,0,0,Desktop,Australia,Direct
user_1817,1,1,0,0,Tablet,France,Google
user_2510,1,1,1,0,Tablet,India,Google
user_2060,1,1,1,0,Tablet,UK,"Social Media"
user_1825,1,1,1,0,Desktop,Canada,Email
user_1792,1,1,1,1,Tablet,USA,Email
user_2462,1,1,1,1,Mobile,UK,"Social Media"
user_1854,1,1,1,1,Desktop,France,Google
user_2537,1,1,1,0,Tablet,Germany,Direct
user_1001,1,1,1,1,Mobile,Germany,Google
user_2530,1,0,0,0,Desktop,UK,Email
user_2633,1,1,1,0,Tablet,France,"Social Media"
user_1173,1,1,1,0,Mobile,UK,Direct
user_1980,1,1,1,0,Mobile,USA,Google
user_1795,1,1,1,0,Tablet,USA,Google
user_2019,1,1,1,0,Desktop,India,Email
user_1907,1,1,1,1,Desktop,India,Email
user_1024,1,1,1,0,Mobile,France,Email
user_2154,1,1,1,0,Tablet,USA,Google
user_2218,1,1,1,1,Mobile,Canada,Google
user_2556,1,1,1,1,Tablet,UK,Google
user_1314,1,1,1,0,Tablet,Germany,"Social Media"
user_2407,1,1,1,1,Mobile,India,Email
user_1130,1,1,0,0,Mobile,USA,Google
user_1981,1,1,0,0,Mobile,UK,Email
user_2323,1,1,1,0,Tablet,India,Google
user_1176,1,1,1,0,Tablet,USA,Google
user_2507,1,1,1,0,Mobile,Australia,Email
user_2466,1,1,1,1,Tablet,UK,Google
user_1278,1,1,1,0,Tablet,Germany,Google
user_1280,1,1,1,1,Tablet,USA,Google
user_1163,1,1,0,0,Desktop,Canada,"Social Media"
user_2750,1,1,0,0,Tablet,USA,"Social Media"
user_2764,1,1,1,1,Tablet,Canada,"Social Media"
user_2229,1,1,1,0,Tablet,USA,Google
user_1088,1,1,1,1,Tablet,USA,"Social Media"
user_2984,1,1,1,0,Tablet,UK,"Social Media"
user_1889,1,1,1,0,Tablet,France,"Social Media"
user_2177,1,1,1,0,Mobile,Canada,Direct
user_1584,1,1,1,1,Tablet,USA,"Social Media"
user_2287,1,0,0,0,Desktop,Germany,Google
user_2707,1,0,0,0,Mobile,Canada,Direct
user_2089,1,1,0,0,Mobile,USA,"Social Media"
user_1350,1,1,0,0,Desktop,USA,Direct
user_2124,1,1,0,0,Tablet,India,Google
user_2818,1,0,0,0,Tablet,India,Direct
user_1357,1,1,1,0,Desktop,UK,Google
user_2919,1,1,1,1,Mobile,India,Google
user_1249,1,1,1,0,Mobile,Australia,Direct
user_2690,1,1,1,1,Tablet,UK,Google
user_1329,1,1,1,1,Tablet,Australia,Direct
user_2717,1,1,1,0,Tablet,Germany,"Social Media"
user_2174,1,0,0,0,Desktop,Germany,Email
user_2378,1,1,0,0,Tablet,UK,"Social Media"
user_1636,1,1,1,0,Tablet,UK,"Social Media"
user_2445,1,1,1,1,Desktop,Australia,"Social Media"
user_1011,1,1,1,0,Tablet,UK,Google
user_1120,1,1,1,1,Desktop,France,Google
user_1654,1,1,1,0,Tablet,France,Google
user_2572,1,0,0,0,Desktop,Australia,Email
user_1230,1,1,1,1,Tablet,USA,Google
user_2386,1,1,1,0,Mobile,Australia,Direct
user_2864,1,1,1,0,Tablet,UK,Email
user_2148,1,1,1,0,Tablet,Germany,Email
user_2994,1,1,1,0,Tablet,India,Google
user_2920,1,1,0,0,Tablet,Germany,Email
user_2918,1,1,0,0,Tablet,USA,"Social Media"
user_2813,1,1,1,0,Desktop,Germany,Direct
user_2847,1,1,0,0,Tablet,USA,"Social Media"
user_1695,1,1,1,0,Desktop,USA,Google
user_2562,1,1,1,0,Tablet,USA,"Social Media"
user_1426,1,1,1,0,Mobile,India,Google
user_1853,1,1,1,0,Mobile,Germany,"Social Media"
user_2828,1,1,1,0,Desktop,France,Email
user_2665,1,1,1,0,Tablet,Germany,Email
user_2659,1,1,1,0,Mobile,UK,Google
user_1051,1,1,1,1,Tablet,Germany,"Social Media"
user_1146,1,1,1,1,Tablet,India,"Social Media"
user_2440,1,1,1,0,Tablet,UK,"Social Media"
user_2680,1,1,1,0,Desktop,USA,Direct
user_2194,1,1,1,1,Mobile,UK,Google
user_1340,1,1,0,0,Tablet,Germany,"Social Media"
user_1794,1,1,1,0,Mobile,UK,Google
user_2333,1,1,1,0,Tablet,India,Google
user_2372,1,1,1,0,Mobile,UK,Email
user_1547,1,1,1,1,Mobile,UK,"Social Media"
user_2390,1,1,1,1,Mobile,UK,Google
user_1277,1,1,1,1,Desktop,France,"Social Media"
user_1720,1,1,1,0,Tablet,USA,"Social Media"
user_2724,1,1,1,0,Desktop,UK,Direct
user_1467,1,1,1,0,Desktop,Australia,Email
user_1126,1,0,0,0,Tablet,India,Google
user_2432,1,1,1,1,Desktop,India,Email
user_2140,1,1,1,0,Tablet,Canada,Email
user_1994,1,1,0,0,Desktop,Australia,Google
user_1497,1,1,1,0,Mobile,UK,"Social Media"
user_2052,1,1,1,1,Tablet,USA,Google
user_1483,1,1,1,1,Tablet,Germany,Google
user_1768,1,1,0,0,Desktop,Canada,Google
user_2714,1,1,1,1,Tablet,India,Email
user_1170,1,1,1,0,Tablet,Germany,Email
user_2313,1,1,1,0,Mobile,UK,Google
user_1990,1,1,1,0,Mobile,USA,"Social Media"
user_2795,1,1,1,1,Tablet,India,Google
user_2616,1,1,1,0,Tablet,UK,Google
user_2709,1,1,1,0,Tablet,Canada,Google
user_1132,1,1,0,0,Desktop,France,Google
user_2456,1,1,1,1,Tablet,UK,"Social Media"
user_1513,1,1,1,0,Tablet,India,Google
user_2598,1,1,0,0,Desktop,UK,Google
user_2999,1,1,1,1,Mobile,UK,"Social Media"
user_2727,1,1,1,0,Tablet,UK,"Social Media"
user_1745,1,1,1,0,Tablet,France,Email
user_2072,1,0,0,0,Desktop,USA,Direct
user_1714,1,1,1,1,Tablet,France,Google
user_1550,1,1,1,0,Mobile,Canada,"Social Media"
user_2681,1,1,0,0,Desktop,France,Email
user_2971,1,1,1,0,Tablet,France,Email
user_2988,1,1,1,0,Desktop,Australia,Email
user_1388,1,1,1,0,Mobile,UK,Google
user_2674,1,1,1,0,Tablet,France,"Social Media"
user_1165,1,1,1,0,Tablet,Germany,Google
user_1150,1,0,0,0,Desktop,India,Direct
user_1784,1,1,1,0,Tablet,India,Google
user_2161,1,1,0,0,Desktop,India,"Social Media"
user_1232,1,1,1,1,Tablet,USA,Google
user_2947,1,1,1,1,Mobile,Germany,Email
user_1148,1,0,0,0,Desktop,India,Email
user_1456,1,1,1,0,Mobile,India,Google
user_1975,1,1,1,0,Mobile,UK,Google
user_1934,1,1,1,1,Tablet,India,Google
user_1287,1,1,1,0,Mobile,India,Google
user_2568,1,1,1,1,Tablet,USA,Google
user_1788,1,1,1,0,Tablet,Germany,Direct
user_2783,1,1,1,0,Tablet,USA,Email
user_1221,1,1,0,0,Tablet,USA,Email
user_1559,1,1,1,1,Tablet,Australia,"Social Media"
user_2710,1,1,0,0,Mobile,USA,"Social Media"
user_1250,1,1,1,0,Mobile,UK,Google
user_1647,1,1,1,1,Tablet,UK,"Social Media"
user_2016,1,1,1,1,Tablet,UK,"Social Media"
user_1115,1,1,0,0,Tablet,USA,Email
user_2936,1,0,0,0,Tablet,France,Email
user_2212,1,1,0,0,Desktop,Canada,Email
user_1063,1,0,0,0,Tablet,Germany,Email
user_2397,1,1,1,0,Tablet,USA,Email
user_2601,1,1,1,1,Desktop,France,Google
user_2799,1,1,1,1,Mobile,France,"Social Media"
user_2876,1,1,1,0,Tablet,UK,Google
user_2671,1,1,1,1,Tablet,USA,Google
user_1205,1,1,1,0,Desktop,Germany,Google
user_2916,1,1,1,1,Desktop,India,Direct
user_2702,1,1,0,0,Tablet,UK,"Social Media"
user_2238,1,1,1,1,Desktop,Germany,"Social Media"
user_2532,1,1,0,0,Desktop,UK,"Social Media"
user_2489,1,1,1,0,Desktop,Canada,Direct
user_1365,1,1,1,0,Mobile,France,Direct
user_1987,1,1,1,1,Tablet,Germany,"Social Media"
user_2350,1,1,0,0,Tablet,Canada,Direct
user_1217,1,1,1,1,Tablet,Australia,Email
user_2325,1,1,1,0,Desktop,Australia,"Social Media"
user_2612,1,1,1,0,Tablet,UK,"Social Media"
user_1476,1,1,1,0,Tablet,UK,Email
user_2913,1,1,1,0,Mobile,Australia,Google
user_2889,1,1,1,1,Tablet,France,Email
user_1522,1,0,0,0,Tablet,Canada,"Social Media"
user_1029,1,1,1,0,Mobile,USA,Email
user_2101,1,1,1,0,Tablet,India,Direct
user_1518,1,1,1,0,Tablet,Germany,"Social Media"
user_2383,1,1,1,0,Mobile,UK,Google
user_2830,1,0,0,0,Desktop,Canada,Email
user_1125,1,1,0,0,Tablet,USA,"Social Media"
user_2405,1,1,0,0,Mobile,France,Direct
user_2186,1,1,1,1,Tablet,USA,Google
user_2853,1,1,1,1,Mobile,USA,"Social Media"
user_2013,1,1,1,0,Mobile,Australia,Google
user_1871,1,1,1,1,Mobile,India,"Social Media"
user_2688,1,0,0,0,Tablet,USA,Direct
user_2002,1,1,0,0,Tablet,Canada,"Social Media"
user_2014,1,1,1,0,Mobile,USA,Email
user_2679,1,1,1,1,Tablet,UK,"Social Media"
user_2692,1,1,1,1,Desktop,India,"Social Media"
user_2908,1,1,1,0,Desktop,USA,Google
user_2065,1,1,1,0,Tablet,Canada,"Social Media"
user_2259,1,1,1,1,Tablet,UK,Email
user_2954,1,1,0,0,Tablet,India,"Social Media"
user_1604,1,1,1,0,Mobile,UK,"Social Media"
user_1865,1,1,0,0,Tablet,India,"Social Media"
user_2240,1,1,1,1,Mobile,India,Google
user_1597,1,1,1,0,Mobile,USA,Direct
user_1094,1,1,0,0,Tablet,UK,Email
user_2337,1,1,1,0,Desktop,France,Email
user_1973,1,1,1,0,Mobile,Germany,Email
user_2638,1,1,1,1,Mobile,USA,"Social Media"
user_1415,1,1,1,1,Tablet,USA,Email
user_1664,1,1,1,0,Tablet,UK,Google
user_1484,1,1,1,1,Desktop,India,"Social Media"
user_1756,1,1,0,0,Desktop,Canada,"Social Media"
user_1603,1,1,1,0,Tablet,UK,Email
user_1169,1,0,0,0,Desktop,USA,Direct
user_1286,1,0,0,0,Mobile,Australia,"Social Media"
user_1952,1,1,1,0,Tablet,UK,Direct
user_1537,1,1,1,1,Desktop,France,"Social Media"
user_1940,1,1,1,1,Mobile,Canada,Direct
user_2849,1,1,1,0,Tablet,India,Google
user_2793,1,1,1,1,Tablet,USA,Google
user_1159,1,1,1,1,Tablet,Germany,"Social Media"
user_1371,1,1,1,0,Mobile,Canada,"Social Media"
user_2356,1,1,1,0,Tablet,France,"Social Media"
user_1037,1,1,1,1,Desktop,USA,Direct
user_2248,1,1,1,0,Mobile,France,Email
user_1694,1,1,1,1,Desktop,UK,"Social Media"
user_2772,1,1,1,1,Desktop,Canada,Direct
user_1633,1,1,1,0,Tablet,Germany,Direct
user_2276,1,1,1,0,Tablet,India,Email
user_1405,1,1,1,0,Mobile,France,Google
user_1368,1,1,1,0,Desktop,France,Email
user_2320,1,0,0,0,Desktop,USA,"Social Media"
user_1149,1,1,1,0,Desktop,UK,Email
user_2780,1,1,1,0,Tablet,India,Email
user_1529,1,1,1,1,Mobile,USA,"Social Media"
user_1305,1,1,1,1,Tablet,USA,Email
user_1386,1,1,1,0,Mobile,India,"Social Media"
user_2144,1,1,1,1,Desktop,Germany,"Social Media"
user_2517,1,1,0,0,Tablet,India,"Social Media"
user_2112,1,1,1,1,Tablet,India,"Social Media"
user_1953,1,1,0,0,Desktop,India,Google
user_2243,1,1,1,1,Tablet,India,Google
user_2433,1,1,1,0,Tablet,USA,"Social Media"
user_2648,1,1,1,1,Mobile,India,Google
user_2280,1,0,0,0,Mobile,Canada,Google
user_1623,1,1,1,0,Tablet,USA,"Social Media"
user_2725,1,1,0,0,Tablet,UK,Google
user_2844,1,1,1,0,Tablet,UK,"Social Media"
user_1587,1,1,1,0,Mobile,France,Google
user_1713,1,1,1,1,Tablet,UK,Google
user_2431,1,0,0,0,Tablet,Canada,Email
user_2580,1,1,0,0,Tablet,Germany,Google
user_2241,1,1,1,0,Tablet,France,Email
user_2722,1,1,0,0,Tablet,India,Email
user_1582,1,1,1,1,Tablet,Germany,Google
user_1077,1,0,0,0,Tablet,France,Email
user_2360,1,1,1,0,Desktop,Australia,Direct
user_1145,1,1,1,0,Mobile,India,Email
user_2806,1,1,1,0,Desktop,USA,Google
user_2998,1,1,1,0,Desktop,France,Direct
user_1943,1,1,1,0,Tablet,Germany,"Social Media"
user_1523,1,1,1,1,Tablet,UK,"Social Media"
user_2021,1,0,0,0,Desktop,Australia,Email
user_1251,1,1,1,1,Desktop,Germany,Google
user_1445,1,1,1,0,Desktop,France,"Social Media"
user_2033,1,1,1,0,Tablet,UK,Google
user_1303,1,1,1,1,Mobile,UK,"Social Media"
user_2256,1,1,1,0,Desktop,Canada,Direct
user_2879,1,1,1,1,Desktop,Canada,"Social Media"
user_2441,1,0,0,0,Desktop,Canada,Google
user_2479,1,1,1,0,Mobile,India,Email
user_2836,1,1,1,0,Desktop,Canada,Email
user_2569,1,1,1,1,Mobile,UK,"Social Media"
user_2608,1,1,1,1,Tablet,UK,"Social Media"
user_2531,1,1,1,0,Mobile,UK,Google
user_2509,1,1,1,1,Tablet,India,Email
user_2863,1,1,1,1,Tablet,UK,Email
user_1402,1,1,0,0,Mobile,France,Direct
user_2379,1,1,1,0,Tablet,Germany,Google
user_2858,1,1,0,0,Mobile,Canada,Google
user_1527,1,1,1,1,Tablet,India,Google
user_2138,1,1,1,1,Tablet,USA,"Social Media"
user_2779,1,1,1,0,Tablet,India,Email
user_2484,1,1,1,0,Tablet,India,Google
user_1507,1,1,0,0,Tablet,India,"Social Media"
user_1833,1,1,0,0,Desktop,France,Email
user_1809,1,1,1,0,Tablet,India,"Social Media"
user_1637,1,0,0,0,Desktop,Germany,"Social Media"
user_2077,1,1,1,0,Tablet,UK,Direct
user_2960,1,0,0,0,Tablet,France,Google
user_2632,1,1,1,1,Desktop,Canada,Direct
user_1326,1,1,1,0,Desktop,Germany,Email
user_1212,1,1,1,1,Mobile,Canada,Email
user_2494,1,1,0,0,Desktop,UK,Google
user_1730,1,1,1,1,Mobile,USA,Google
user_2777,1,1,1,0,Mobile,France,Google
user_1018,1,0,0,0,Mobile,France,Google
user_2928,1,1,1,0,Desktop,Germany,Email
user_2541,1,0,0,0,Tablet,Germany,"Social Media"
user_1812,1,1,1,1,Mobile,Canada,Google
user_2518,1,1,1,0,Mobile,India,Email
user_1769,1,1,1,1,Desktop,Germany,"Social Media"
user_2589,1,1,1,0,Tablet,USA,"Social Media"
user_1059,1,0,0,0,Desktop,India,"Social Media"
user_2715,1,1,0,0,Desktop,Australia,Email
user_2047,1,1,1,0,Mobile,UK,Direct
user_1166,1,1,0,0,Tablet,France,"Social Media"
user_1427,1,1,0,0,Mobile,Australia,Google
user_1915,1,1,0,0,Desktop,Germany,"Social Media"
user_1262,1,1,1,0,Mobile,India,"Social Media"
user_2252,1,0,0,0,Desktop,France,"Social Media"
user_2070,1,1,1,0,Desktop,UK,Google
user_2553,1,1,0,0,Desktop,Australia,Direct
user_2642,1,0,0,0,Desktop,France,"Social Media"
user_2284,1,0,0,0,Mobile,Canada,Direct
user_2938,1,1,1,0,Desktop,Canada,Direct
user_2573,1,1,0,0,Mobile,India,Email
user_1014,1,1,1,1,Desktop,India,"Social Media"
user_1711,1,1,1,0,Mobile,France,Google
user_2911,1,0,0,0,Desktop,USA,Direct
user_1717,1,1,1,1,Mobile,India,Direct
user_2242,1,1,1,0,Mobile,Australia,"Social Media"
user_1072,1,1,1,0,Mobile,India,Direct
user_1309,1,1,1,0,Tablet,USA,Email
user_2056,1,1,1,1,Desktop,USA,Direct
user_2873,1,0,0,0,Tablet,Australia,Email
user_1684,1,1,0,0,Tablet,Australia,Google
user_2273,1,1,1,0,Desktop,France,"Social Media"
user_2458,1,1,1,1,Tablet,Australia,Email
user_1399,1,1,1,1,Desktop,Germany,"Social Media"
user_1175,1,1,1,1,Desktop,Canada,Email
user_1434,1,0,0,0,Desktop,France,Email
user_2587,1,1,0,0,Desktop,India,Email
